France - Norway,1.25,1
France - Slovenia,1.17,1
Slovenia - Qatar,1.47,1
Spain - Croatia,1.45,0
France - Sweden,1.3,1
Norway - Hungary,1.39,1
Tunisia - Saudi Arabia,1.17,1
Angola - Bahrain,1.27,1
Croatia - Egypt,1.2,1
Germany - Qatar,1.1,0
Belarus - Sweden,1.12,1
Hungary - Denmark,1.18,0
Saudi Arabia - Argentina,1.31,1
Brazil - Spain,1.07,1
Russia - Slovenia,1.45,1
France - Iceland,1.03,1
Norway - FYR Macedonia,1.33,1
Japan - Angola,1.28,1
Belarus - Hungary,1.39,0
Qatar - Denmark,1.18,1
Sweden - Egypt,1.16,1
Japan - Norway,1.12,1
Spain - Slovenia,1.4,1
France - Poland,1.01,1
Russia - Brazil,1.49,1
Tunisia - Angola,1.01,1
Croatia - Chile,1.01,1
FYR Macedonia - Spain,1.06,1
Sweden - Qatar,1.2,1
Belarus - Germany,1.03,1
Argentina - Egypt,1.39,1
Saudi Arabia - Hungary,1.01,1
Angola - Iceland,1.01,1
Russia - France,1.09,1
Poland - Japan,1.39,1
Qatar - Argentina,1.46,1
Slovenia - Tunisia,1.29,0
Norway - Brazil,1.32,1
France - Norway,1.25,1
France - Slovenia,1.17,1
Slovenia - Qatar,1.47,1
Spain - Croatia,1.45,0
France - Sweden,1.3,1
Norway - Hungary,1.39,1
Tunisia - Saudi Arabia,1.17,1
Angola - Bahrain,1.27,1
Croatia - Egypt,1.2,1
Germany - Qatar,1.1,0
Belarus - Sweden,1.12,1
Hungary - Denmark,1.18,0
Saudi Arabia - Argentina,1.31,1
Brazil - Spain,1.07,1
Russia - Slovenia,1.45,1
France - Iceland,1.03,1
Norway - FYR Macedonia,1.33,1
Japan - Angola,1.28,1
Belarus - Hungary,1.39,0
Qatar - Denmark,1.18,1
Sweden - Egypt,1.16,1
Japan - Norway,1.12,1
Spain - Slovenia,1.4,1
France - Poland,1.01,1
Russia - Brazil,1.49,1
Tunisia - Angola,1.01,1
Croatia - Chile,1.01,1
FYR Macedonia - Spain,1.06,1
Sweden - Qatar,1.2,1
Belarus - Germany,1.03,1
Argentina - Egypt,1.39,1
Saudi Arabia - Hungary,1.01,1
Angola - Iceland,1.01,1
Russia - France,1.09,1
Poland - Japan,1.39,1
Qatar - Argentina,1.46,1
Slovenia - Tunisia,1.29,0
Norway - Brazil,1.32,1
France - Norway,1.25,1
France - Slovenia,1.17,1
Slovenia - Qatar,1.47,1
Spain - Croatia,1.45,0
France - Sweden,1.3,1
Norway - Hungary,1.39,1
Tunisia - Saudi Arabia,1.17,1
Angola - Bahrain,1.27,1
Croatia - Egypt,1.2,1
Germany - Qatar,1.1,0
Belarus - Sweden,1.12,1
Hungary - Denmark,1.18,0
Saudi Arabia - Argentina,1.31,1
Brazil - Spain,1.07,1
Russia - Slovenia,1.45,1
France - Iceland,1.03,1
Norway - FYR Macedonia,1.33,1
Japan - Angola,1.28,1
Belarus - Hungary,1.39,0
Qatar - Denmark,1.18,1
Sweden - Egypt,1.16,1
Japan - Norway,1.12,1
Spain - Slovenia,1.4,1
France - Poland,1.01,1
Russia - Brazil,1.49,1
Tunisia - Angola,1.01,1
Croatia - Chile,1.01,1
FYR Macedonia - Spain,1.06,1
Sweden - Qatar,1.2,1
Belarus - Germany,1.03,1
Argentina - Egypt,1.39,1
Saudi Arabia - Hungary,1.01,1
Angola - Iceland,1.01,1
Russia - France,1.09,1
Poland - Japan,1.39,1
Qatar - Argentina,1.46,1
Slovenia - Tunisia,1.29,0
Norway - Brazil,1.32,1
France - Norway,1.25,1
France - Slovenia,1.17,1
Slovenia - Qatar,1.47,1
Spain - Croatia,1.45,0
France - Sweden,1.3,1
Norway - Hungary,1.39,1
Tunisia - Saudi Arabia,1.17,1
Angola - Bahrain,1.27,1
Croatia - Egypt,1.2,1
Germany - Qatar,1.1,0
Belarus - Sweden,1.12,1
Hungary - Denmark,1.18,0
Saudi Arabia - Argentina,1.31,1
Brazil - Spain,1.07,1
Russia - Slovenia,1.45,1
France - Iceland,1.03,1
Norway - FYR Macedonia,1.33,1
Japan - Angola,1.28,1
Belarus - Hungary,1.39,0
Qatar - Denmark,1.18,1
Sweden - Egypt,1.16,1
Japan - Norway,1.12,1
Spain - Slovenia,1.4,1
France - Poland,1.01,1
Russia - Brazil,1.49,1
Tunisia - Angola,1.01,1
Croatia - Chile,1.01,1
FYR Macedonia - Spain,1.06,1
Sweden - Qatar,1.2,1
Belarus - Germany,1.03,1
Argentina - Egypt,1.39,1
Saudi Arabia - Hungary,1.01,1
Angola - Iceland,1.01,1
Russia - France,1.09,1
Poland - Japan,1.39,1
Qatar - Argentina,1.46,1
Slovenia - Tunisia,1.29,0
Norway - Brazil,1.32,1
Qatar - France,1.26,1
Poland - Spain,1.36,0
Denmark - Slovenia,1.22,1
Slovenia - France,1.22,1
Croatia - Poland,1.37,0
Bosnia &amp; Herzegovina - Russia,1.34,1
Iran - Saudi Arabia,1.34,1
Chile - Algeria,1.5,0
France - Argentina,1.11,1
Iceland - Denmark,1.25,1
Germany - Egypt,1.38,1
Algeria - Saudi Arabia,1.1,0
Chile - Iran,1.4,1
Croatia - Brazil,1.12,1
Spain - Tunisia,1.16,1
Austria - Qatar,1.41,1
Algeria - Czech Republic,1.11,1
Denmark - Poland,1.4,1
France - Sweden,1.35,1
Russia - Argentina,1.44,0
Saudi Arabia - Germany,1.01,1
Croatia - Bosnia &amp; Herzegovina,1.24,1
Qatar - Belarus,1.28,1
Brazil - Chile,1.01,1
Spain - Slovenia,1.29,1
Tunisia - Iran,1.03,1
Iceland - Czech Republic,1.22,0
Russia - Denmark,1.38,1
Germany - Argentina,1.27,1
Poland - Saudi Arabia,1.01,1
Sweden - Egypt,1.24,0
Bosnia &amp; Herzegovina - Tunisia,1.47,1
FYR Macedonia - Croatia,1.3,1
Qatar - Spain,1.26,1
Iran - Austria,1.06,1
Qatar - France,1.26,1
Poland - Spain,1.36,0
Denmark - Slovenia,1.22,1
Slovenia - France,1.22,1
Croatia - Poland,1.37,0
Bosnia &amp; Herzegovina - Russia,1.34,1
Iran - Saudi Arabia,1.34,1
Chile - Algeria,1.5,0
France - Argentina,1.11,1
Iceland - Denmark,1.25,1
Germany - Egypt,1.38,1
Algeria - Saudi Arabia,1.1,0
Chile - Iran,1.4,1
Croatia - Brazil,1.12,1
Spain - Tunisia,1.16,1
Austria - Qatar,1.41,1
Algeria - Czech Republic,1.11,1
Denmark - Poland,1.4,1
France - Sweden,1.35,1
Russia - Argentina,1.44,0
Saudi Arabia - Germany,1.01,1
Croatia - Bosnia &amp; Herzegovina,1.24,1
Qatar - Belarus,1.28,1
Brazil - Chile,1.01,1
Spain - Slovenia,1.29,1
Tunisia - Iran,1.03,1
Iceland - Czech Republic,1.22,0
Russia - Denmark,1.38,1
Germany - Argentina,1.27,1
Poland - Saudi Arabia,1.01,1
Sweden - Egypt,1.24,0
Bosnia &amp; Herzegovina - Tunisia,1.47,1
FYR Macedonia - Croatia,1.3,1
Qatar - Spain,1.26,1
Iran - Austria,1.06,1
Qatar - France,1.26,1
Poland - Spain,1.36,0
Denmark - Slovenia,1.22,1
Slovenia - France,1.22,1
Croatia - Poland,1.37,0
Bosnia &amp; Herzegovina - Russia,1.34,1
Iran - Saudi Arabia,1.34,1
Chile - Algeria,1.5,0
France - Argentina,1.11,1
Iceland - Denmark,1.25,1
Germany - Egypt,1.38,1
Algeria - Saudi Arabia,1.1,0
Chile - Iran,1.4,1
Croatia - Brazil,1.12,1
Spain - Tunisia,1.16,1
Austria - Qatar,1.41,1
Algeria - Czech Republic,1.11,1
Denmark - Poland,1.4,1
France - Sweden,1.35,1
Russia - Argentina,1.44,0
Saudi Arabia - Germany,1.01,1
Croatia - Bosnia &amp; Herzegovina,1.24,1
Qatar - Belarus,1.28,1
Brazil - Chile,1.01,1
Spain - Slovenia,1.29,1
Tunisia - Iran,1.03,1
Iceland - Czech Republic,1.22,0
Russia - Denmark,1.38,1
Germany - Argentina,1.27,1
Poland - Saudi Arabia,1.01,1
Sweden - Egypt,1.24,0
Bosnia &amp; Herzegovina - Tunisia,1.47,1
FYR Macedonia - Croatia,1.3,1
Qatar - Spain,1.26,1
Iran - Austria,1.06,1
Qatar - France,1.26,1
Poland - Spain,1.36,0
Denmark - Slovenia,1.22,1
Slovenia - France,1.22,1
Croatia - Poland,1.37,0
Bosnia &amp; Herzegovina - Russia,1.34,1
Iran - Saudi Arabia,1.34,1
Chile - Algeria,1.5,0
France - Argentina,1.11,1
Iceland - Denmark,1.25,1
Germany - Egypt,1.38,1
Algeria - Saudi Arabia,1.1,0
Chile - Iran,1.4,1
Croatia - Brazil,1.12,1
Spain - Tunisia,1.16,1
Austria - Qatar,1.41,1
Algeria - Czech Republic,1.11,1
Denmark - Poland,1.4,1
France - Sweden,1.35,1
Russia - Argentina,1.44,0
Saudi Arabia - Germany,1.01,1
Croatia - Bosnia &amp; Herzegovina,1.24,1
Qatar - Belarus,1.28,1
Brazil - Chile,1.01,1
Spain - Slovenia,1.29,1
Tunisia - Iran,1.03,1
Iceland - Czech Republic,1.22,0
Russia - Denmark,1.38,1
Germany - Argentina,1.27,1
Poland - Saudi Arabia,1.01,1
Sweden - Egypt,1.24,0
Bosnia &amp; Herzegovina - Tunisia,1.47,1
FYR Macedonia - Croatia,1.3,1
Qatar - Spain,1.26,1
Iran - Austria,1.06,1
Spain - Slovenia,1.14,1
Denmark - Hungary,1.24,1
Germany - Spain,1.25,1
Qatar - Saudi Arabia,1.43,0
Montenegro - South Korea,1.48,0
Chile - Australia,1.01,1
Croatia - Belarus,1.03,1
South Korea - Australia,1.01,1
Serbia - Spain,1.15,1
Slovenia - Egypt,1.15,1
Montenegro - Chile,1.06,1
Saudi Arabia - Algeria,1.24,1
Argentina - Qatar,1.41,1
Denmark - Tunisia,1.09,1
Iceland - France,1.18,1
Brazil - Russia,1.2,1
Germany - FYR Macedonia,1.43,1
Hungary - Algeria,1.29,1
Poland - South Korea,1.04,1
Egypt - Australia,1.01,1
Belarus - Saudi Arabia,1.08,1
Montenegro - Brazil,1.42,1
Denmark - FYR Macedonia,1.17,1
France - Germany,1.17,0
Iceland - Qatar,1.02,1
Russia - Chile,1.01,1
Croatia - Egypt,1.03,1
Hungary - Spain,1.19,1
Saudi Arabia - South Korea,1.17,0
Slovenia - Belarus,1.23,1
Argentina - France,1.01,1
Iceland - Denmark,1.21,1
Germany - Montenegro,1.26,1
Chile - Qatar,1.31,1
Brazil - Tunisia,1.39,0
FYR Macedonia - Russia,1.34,0
France - Brazil,1.01,1
Spain - Slovenia,1.14,1
Denmark - Hungary,1.24,1
Germany - Spain,1.25,1
Qatar - Saudi Arabia,1.43,0
Montenegro - South Korea,1.48,0
Chile - Australia,1.01,1
Croatia - Belarus,1.03,1
South Korea - Australia,1.01,1
Serbia - Spain,1.15,1
Slovenia - Egypt,1.15,1
Montenegro - Chile,1.06,1
Saudi Arabia - Algeria,1.24,1
Argentina - Qatar,1.41,1
Denmark - Tunisia,1.09,1
Iceland - France,1.18,1
Brazil - Russia,1.2,1
Germany - FYR Macedonia,1.43,1
Hungary - Algeria,1.29,1
Poland - South Korea,1.04,1
Egypt - Australia,1.01,1
Belarus - Saudi Arabia,1.08,1
Montenegro - Brazil,1.42,1
Denmark - FYR Macedonia,1.17,1
France - Germany,1.17,0
Iceland - Qatar,1.02,1
Russia - Chile,1.01,1
Croatia - Egypt,1.03,1
Hungary - Spain,1.19,1
Saudi Arabia - South Korea,1.17,0
Slovenia - Belarus,1.23,1
Argentina - France,1.01,1
Iceland - Denmark,1.21,1
Germany - Montenegro,1.26,1
Chile - Qatar,1.31,1
Brazil - Tunisia,1.39,0
FYR Macedonia - Russia,1.34,0
France - Brazil,1.01,1
Spain - Slovenia,1.14,1
Denmark - Hungary,1.24,1
Germany - Spain,1.25,1
Qatar - Saudi Arabia,1.43,0
Montenegro - South Korea,1.48,0
Chile - Australia,1.01,1
Croatia - Belarus,1.03,1
South Korea - Australia,1.01,1
Serbia - Spain,1.15,1
Slovenia - Egypt,1.15,1
Montenegro - Chile,1.06,1
Saudi Arabia - Algeria,1.24,1
Argentina - Qatar,1.41,1
Denmark - Tunisia,1.09,1
Iceland - France,1.18,1
Brazil - Russia,1.2,1
Germany - FYR Macedonia,1.43,1
Hungary - Algeria,1.29,1
Poland - South Korea,1.04,1
Egypt - Australia,1.01,1
Belarus - Saudi Arabia,1.08,1
Montenegro - Brazil,1.42,1
Denmark - FYR Macedonia,1.17,1
France - Germany,1.17,0
Iceland - Qatar,1.02,1
Russia - Chile,1.01,1
Croatia - Egypt,1.03,1
Hungary - Spain,1.19,1
Saudi Arabia - South Korea,1.17,0
Slovenia - Belarus,1.23,1
Argentina - France,1.01,1
Iceland - Denmark,1.21,1
Germany - Montenegro,1.26,1
Chile - Qatar,1.31,1
Brazil - Tunisia,1.39,0
FYR Macedonia - Russia,1.34,0
France - Brazil,1.01,1
France - Sweden,1.17,1
Hungary - Poland,1.5,0
Germany - Argentina,1.34,0
France - Iceland,1.42,1
Serbia - Argentina,1.44,1
Germany - Norway,1.32,0
Norway - France,1.03,1
Egypt - South Korea,1.49,1
Hungary - Germany,1.25,0
Argentina - Denmark,1.02,1
Poland - Serbia,1.35,1
Brazil - Chile,1.19,1
Bahrain - Australia,1.1,1
France - Hungary,1.06,1
Bahrain - Brazil,1.21,1
Denmark - Poland,1.39,1
Germany - Iceland,1.49,0
Croatia - Argentina,1.13,1
Serbia - Sweden,1.37,1
Algeria - South Korea,1.27,0
Romania - Slovakia,1.41,0
Spain - Norway,1.13,1
Australia - Chile,1.04,1
France - Spain,1.35,0
Serbia - Romania,1.48,0
Iceland - Norway,1.33,1
Germany - Tunisia,1.08,1
Argentina - Chile,1.06,1
Algeria - Australia,1.01,1
Egypt - Bahrain,1.04,0
South Korea - Slovakia,1.34,1
France - Sweden,1.17,1
Hungary - Poland,1.5,0
Germany - Argentina,1.34,0
France - Iceland,1.42,1
Serbia - Argentina,1.44,1
Germany - Norway,1.32,0
Norway - France,1.03,1
Egypt - South Korea,1.49,1
Hungary - Germany,1.25,0
Argentina - Denmark,1.02,1
Poland - Serbia,1.35,1
Brazil - Chile,1.19,1
Bahrain - Australia,1.1,1
France - Hungary,1.06,1
Bahrain - Brazil,1.21,1
Denmark - Poland,1.39,1
Germany - Iceland,1.49,0
Croatia - Argentina,1.13,1
Serbia - Sweden,1.37,1
Algeria - South Korea,1.27,0
Romania - Slovakia,1.41,0
Spain - Norway,1.13,1
Australia - Chile,1.04,1
France - Spain,1.35,0
Serbia - Romania,1.48,0
Iceland - Norway,1.33,1
Germany - Tunisia,1.08,1
Argentina - Chile,1.06,1
Algeria - Australia,1.01,1
Egypt - Bahrain,1.04,0
South Korea - Slovakia,1.34,1
