Wolves U23 - Norwich U23,1.41,1
Reading U23 - Arsenal U23,1.45,1
Manchester City U23 - Derby U23,1.24,1
Liverpool U23 - Chelsea U23,1.36,1
Wolves U23 - Norwich U23,1.41,1
Reading U23 - Arsenal U23,1.45,1
Manchester City U23 - Derby U23,1.24,1
Liverpool U23 - Chelsea U23,1.36,1
Wolves U23 - Norwich U23,1.41,1
Reading U23 - Arsenal U23,1.45,1
Manchester City U23 - Derby U23,1.24,1
Liverpool U23 - Chelsea U23,1.36,1
Wolves U23 - Norwich U23,1.41,1
Reading U23 - Arsenal U23,1.45,1
Manchester City U23 - Derby U23,1.24,1
Liverpool U23 - Chelsea U23,1.36,1
Wolves U23 - Norwich U23,1.41,1
Reading U23 - Arsenal U23,1.45,1
Manchester City U23 - Derby U23,1.24,1
Liverpool U23 - Chelsea U23,1.36,1
Wolves U23 - Norwich U23,1.41,1
Reading U23 - Arsenal U23,1.45,1
Manchester City U23 - Derby U23,1.24,1
Liverpool U23 - Chelsea U23,1.36,1
