2016,Krupa - FK Sarajevo,1.5,0
2016,Zeljeznicar - Radnik Bijeljina,1.1,1
2016,Zrinjski - Sloboda,1.15,1
2016,Olimpic Sarajevo - NK Vitez,1.39,1
2016,Celik Zenica - Olimpic Sarajevo,1.15,1
2016,NK Vitez - Mladost DK,1.21,1
2016,Radnik Bijeljina - Zrinjski,1.3,1
2016,FK Sarajevo - Sloboda,1.39,1
2016,Celik Zenica - Mladost DK,1.32,1
2016,FK Sarajevo - Krupa,1.39,0
2016,Mladost DK - NK Vitez,1.5,1
2016,Zrinjski - Radnik Bijeljina,1.29,1
2016,Zeljeznicar - Krupa,1.26,1
2016,Mladost DK - Olimpic Sarajevo,1.29,0
2016,NK Vitez - Siroki Brijeg,1.48,0
2016,Krupa - FK Sarajevo,1.5,0
2016,Zeljeznicar - Radnik Bijeljina,1.1,1
2016,Zrinjski - Sloboda,1.15,1
2016,Olimpic Sarajevo - NK Vitez,1.39,1
2016,Celik Zenica - Olimpic Sarajevo,1.15,1
2016,NK Vitez - Mladost DK,1.21,1
2016,Radnik Bijeljina - Zrinjski,1.3,1
2016,FK Sarajevo - Sloboda,1.39,1
2016,Celik Zenica - Mladost DK,1.32,1
2016,FK Sarajevo - Krupa,1.39,0
2016,Mladost DK - NK Vitez,1.5,1
2016,Zrinjski - Radnik Bijeljina,1.29,1
2016,Zeljeznicar - Krupa,1.26,1
2016,Mladost DK - Olimpic Sarajevo,1.29,0
2016,NK Vitez - Siroki Brijeg,1.48,0
2016,Krupa - FK Sarajevo,1.5,0
2016,Zeljeznicar - Radnik Bijeljina,1.1,1
2016,Zrinjski - Sloboda,1.15,1
2016,Olimpic Sarajevo - NK Vitez,1.39,1
2016,Celik Zenica - Olimpic Sarajevo,1.15,1
2016,NK Vitez - Mladost DK,1.21,1
2016,Radnik Bijeljina - Zrinjski,1.3,1
2016,FK Sarajevo - Sloboda,1.39,1
2016,Celik Zenica - Mladost DK,1.32,1
2016,FK Sarajevo - Krupa,1.39,0
2016,Mladost DK - NK Vitez,1.5,1
2016,Zrinjski - Radnik Bijeljina,1.29,1
2016,Zeljeznicar - Krupa,1.26,1
2016,Mladost DK - Olimpic Sarajevo,1.29,0
2016,NK Vitez - Siroki Brijeg,1.48,0
2016,Krupa - FK Sarajevo,1.5,0
2016,Zeljeznicar - Radnik Bijeljina,1.1,1
2016,Zrinjski - Sloboda,1.15,1
2016,Olimpic Sarajevo - NK Vitez,1.39,1
2016,Celik Zenica - Olimpic Sarajevo,1.15,1
2016,NK Vitez - Mladost DK,1.21,1
2016,Radnik Bijeljina - Zrinjski,1.3,1
2016,FK Sarajevo - Sloboda,1.39,1
2016,Celik Zenica - Mladost DK,1.32,1
2016,FK Sarajevo - Krupa,1.39,0
2016,Mladost DK - NK Vitez,1.5,1
2016,Zrinjski - Radnik Bijeljina,1.29,1
2016,Zeljeznicar - Krupa,1.26,1
2016,Mladost DK - Olimpic Sarajevo,1.29,0
2016,NK Vitez - Siroki Brijeg,1.48,0
2015,Borac Banja Luka - NK Vitez,1.5,0
2015,Prijedor - Velez Mostar,1.34,1
2015,Siroki Brijeg - Radnik Bijeljina,1.12,1
2015,Zrinjski - Sloboda,1.4,1
2015,Mladost DK - Zrinjski,1.31,1
2015,Olimpic Sarajevo - Travnik,1.25,1
2015,Radnik Bijeljina - Borac Banja Luka,1.29,1
2015,Velez Mostar - Celik Zenica,1.5,0
2015,Zeljeznicar - Prijedor,1.14,0
2015,Drina Zvornik - Siroki Brijeg,1.22,1
2015,FK Sarajevo - Mladost DK,1.17,1
2015,Siroki Brijeg - Borac Banja Luka,1.36,1
2015,Slavija - Radnik Bijeljina,1.23,1
2015,Zrinjski - Velez Mostar,1.06,1
2015,Borac Banja Luka - Slavija,1.35,1
2015,Sloboda - Drina Zvornik,1.11,0
2015,Radnik Bijeljina - Prijedor,1.44,1
2015,Velez Mostar - FK Sarajevo,1.1,1
2015,NK Vitez - Celik Zenica,1.36,1
2015,Siroki Brijeg - Slavija,1.29,1
2015,Prijedor - Borac Banja Luka,1.36,1
2015,Travnik - Velez Mostar,1.33,1
2015,Zrinjski - NK Vitez,1.22,1
2015,Slavija - Prijedor,1.3,0
2015,Zeljeznicar - Travnik,1.19,1
2015,Zrinjski - Borac Banja Luka,1.36,1
2015,Olimpic Sarajevo - Velez Mostar,1.31,1
2015,Borac Banja Luka - NK Vitez,1.5,0
2015,Prijedor - Velez Mostar,1.34,1
2015,Siroki Brijeg - Radnik Bijeljina,1.12,1
2015,Zrinjski - Sloboda,1.4,1
2015,Mladost DK - Zrinjski,1.31,1
2015,Olimpic Sarajevo - Travnik,1.25,1
2015,Radnik Bijeljina - Borac Banja Luka,1.29,1
2015,Velez Mostar - Celik Zenica,1.5,0
2015,Zeljeznicar - Prijedor,1.14,0
2015,Drina Zvornik - Siroki Brijeg,1.22,1
2015,FK Sarajevo - Mladost DK,1.17,1
2015,Siroki Brijeg - Borac Banja Luka,1.36,1
2015,Slavija - Radnik Bijeljina,1.23,1
2015,Zrinjski - Velez Mostar,1.06,1
2015,Borac Banja Luka - Slavija,1.35,1
2015,Sloboda - Drina Zvornik,1.11,0
2015,Radnik Bijeljina - Prijedor,1.44,1
2015,Velez Mostar - FK Sarajevo,1.1,1
2015,NK Vitez - Celik Zenica,1.36,1
2015,Siroki Brijeg - Slavija,1.29,1
2015,Prijedor - Borac Banja Luka,1.36,1
2015,Travnik - Velez Mostar,1.33,1
2015,Zrinjski - NK Vitez,1.22,1
2015,Slavija - Prijedor,1.3,0
2015,Zeljeznicar - Travnik,1.19,1
2015,Zrinjski - Borac Banja Luka,1.36,1
2015,Olimpic Sarajevo - Velez Mostar,1.31,1
2015,Borac Banja Luka - NK Vitez,1.5,0
2015,Prijedor - Velez Mostar,1.34,1
2015,Siroki Brijeg - Radnik Bijeljina,1.12,1
2015,Zrinjski - Sloboda,1.4,1
2015,Mladost DK - Zrinjski,1.31,1
2015,Olimpic Sarajevo - Travnik,1.25,1
2015,Radnik Bijeljina - Borac Banja Luka,1.29,1
2015,Velez Mostar - Celik Zenica,1.5,0
2015,Zeljeznicar - Prijedor,1.14,0
2015,Drina Zvornik - Siroki Brijeg,1.22,1
2015,FK Sarajevo - Mladost DK,1.17,1
2015,Siroki Brijeg - Borac Banja Luka,1.36,1
2015,Slavija - Radnik Bijeljina,1.23,1
2015,Zrinjski - Velez Mostar,1.06,1
2015,Borac Banja Luka - Slavija,1.35,1
2015,Sloboda - Drina Zvornik,1.11,0
2015,Radnik Bijeljina - Prijedor,1.44,1
2015,Velez Mostar - FK Sarajevo,1.1,1
2015,NK Vitez - Celik Zenica,1.36,1
2015,Siroki Brijeg - Slavija,1.29,1
2015,Prijedor - Borac Banja Luka,1.36,1
2015,Travnik - Velez Mostar,1.33,1
2015,Zrinjski - NK Vitez,1.22,1
2015,Slavija - Prijedor,1.3,0
2015,Zeljeznicar - Travnik,1.19,1
2015,Zrinjski - Borac Banja Luka,1.36,1
2015,Olimpic Sarajevo - Velez Mostar,1.31,1
2015,Borac Banja Luka - NK Vitez,1.5,0
2015,Prijedor - Velez Mostar,1.34,1
2015,Siroki Brijeg - Radnik Bijeljina,1.12,1
2015,Zrinjski - Sloboda,1.4,1
2015,Mladost DK - Zrinjski,1.31,1
2015,Olimpic Sarajevo - Travnik,1.25,1
2015,Radnik Bijeljina - Borac Banja Luka,1.29,1
2015,Velez Mostar - Celik Zenica,1.5,0
2015,Zeljeznicar - Prijedor,1.14,0
2015,Drina Zvornik - Siroki Brijeg,1.22,1
2015,FK Sarajevo - Mladost DK,1.17,1
2015,Siroki Brijeg - Borac Banja Luka,1.36,1
2015,Slavija - Radnik Bijeljina,1.23,1
2015,Zrinjski - Velez Mostar,1.06,1
2015,Borac Banja Luka - Slavija,1.35,1
2015,Sloboda - Drina Zvornik,1.11,0
2015,Radnik Bijeljina - Prijedor,1.44,1
2015,Velez Mostar - FK Sarajevo,1.1,1
2015,NK Vitez - Celik Zenica,1.36,1
2015,Siroki Brijeg - Slavija,1.29,1
2015,Prijedor - Borac Banja Luka,1.36,1
2015,Travnik - Velez Mostar,1.33,1
2015,Zrinjski - NK Vitez,1.22,1
2015,Slavija - Prijedor,1.3,0
2015,Zeljeznicar - Travnik,1.19,1
2015,Zrinjski - Borac Banja Luka,1.36,1
2015,Olimpic Sarajevo - Velez Mostar,1.31,1
2015,Borac Banja Luka - NK Vitez,1.5,0
2015,Prijedor - Velez Mostar,1.34,1
2015,Siroki Brijeg - Radnik Bijeljina,1.12,1
2015,Zrinjski - Sloboda,1.4,1
2015,Mladost DK - Zrinjski,1.31,1
2015,Olimpic Sarajevo - Travnik,1.25,1
2015,Radnik Bijeljina - Borac Banja Luka,1.29,1
2015,Velez Mostar - Celik Zenica,1.5,0
2015,Zeljeznicar - Prijedor,1.14,0
2015,Drina Zvornik - Siroki Brijeg,1.22,1
2015,FK Sarajevo - Mladost DK,1.17,1
2015,Siroki Brijeg - Borac Banja Luka,1.36,1
2015,Slavija - Radnik Bijeljina,1.23,1
2015,Zrinjski - Velez Mostar,1.06,1
2015,Borac Banja Luka - Slavija,1.35,1
2015,Sloboda - Drina Zvornik,1.11,0
2015,Radnik Bijeljina - Prijedor,1.44,1
2015,Velez Mostar - FK Sarajevo,1.1,1
2015,NK Vitez - Celik Zenica,1.36,1
2015,Siroki Brijeg - Slavija,1.29,1
2015,Prijedor - Borac Banja Luka,1.36,1
2015,Travnik - Velez Mostar,1.33,1
2015,Zrinjski - NK Vitez,1.22,1
2015,Slavija - Prijedor,1.3,0
2015,Zeljeznicar - Travnik,1.19,1
2015,Zrinjski - Borac Banja Luka,1.36,1
2015,Olimpic Sarajevo - Velez Mostar,1.31,1
2014,Celik Zenica - Zeljeznicar,1.48,0
2014,FK Sarajevo - Sloboda,1.1,1
2014,NK Vitez - FK Sarajevo,1.31,1
2014,Zeljeznicar - Travnik,1.15,1
2014,Zrinjski - Olimpic Sarajevo,1.25,1
2014,Zrinjski - Travnik,1.28,1
2014,Siroki Brijeg - Olimpic Sarajevo,1.46,0
2014,NK Vitez - Velez Mostar,1.2,1
2014,Radnik Bijeljina - FK Sarajevo,1.44,1
2014,Zeljeznicar - Mladost Velika Obarska,1.18,1
2014,Borac Banja Luka - NK Vitez,1.5,1
2014,Siroki Brijeg - Travnik,1.22,1
2014,Zrinjski - Mladost Velika Obarska,1.22,0
2014,Slavija - FK Sarajevo,1.48,1
2014,Sloboda - Drina Zvornik,1.48,1
2014,Zeljeznicar - Borac Banja Luka,1.48,1
2014,Mladost Velika Obarska - Slavija,1.5,1
2014,Celik Zenica - Zeljeznicar,1.48,0
2014,FK Sarajevo - Sloboda,1.1,1
2014,NK Vitez - FK Sarajevo,1.31,1
2014,Zeljeznicar - Travnik,1.15,1
2014,Zrinjski - Olimpic Sarajevo,1.25,1
2014,Zrinjski - Travnik,1.28,1
2014,Siroki Brijeg - Olimpic Sarajevo,1.46,0
2014,NK Vitez - Velez Mostar,1.2,1
2014,Radnik Bijeljina - FK Sarajevo,1.44,1
2014,Zeljeznicar - Mladost Velika Obarska,1.18,1
2014,Borac Banja Luka - NK Vitez,1.5,1
2014,Siroki Brijeg - Travnik,1.22,1
2014,Zrinjski - Mladost Velika Obarska,1.22,0
2014,Slavija - FK Sarajevo,1.48,1
2014,Sloboda - Drina Zvornik,1.48,1
2014,Zeljeznicar - Borac Banja Luka,1.48,1
2014,Mladost Velika Obarska - Slavija,1.5,1
2014,Celik Zenica - Zeljeznicar,1.48,0
2014,FK Sarajevo - Sloboda,1.1,1
2014,NK Vitez - FK Sarajevo,1.31,1
2014,Zeljeznicar - Travnik,1.15,1
2014,Zrinjski - Olimpic Sarajevo,1.25,1
2014,Zrinjski - Travnik,1.28,1
2014,Siroki Brijeg - Olimpic Sarajevo,1.46,0
2014,NK Vitez - Velez Mostar,1.2,1
2014,Radnik Bijeljina - FK Sarajevo,1.44,1
2014,Zeljeznicar - Mladost Velika Obarska,1.18,1
2014,Borac Banja Luka - NK Vitez,1.5,1
2014,Siroki Brijeg - Travnik,1.22,1
2014,Zrinjski - Mladost Velika Obarska,1.22,0
2014,Slavija - FK Sarajevo,1.48,1
2014,Sloboda - Drina Zvornik,1.48,1
2014,Zeljeznicar - Borac Banja Luka,1.48,1
2014,Mladost Velika Obarska - Slavija,1.5,1
2014,Celik Zenica - Zeljeznicar,1.48,0
2014,FK Sarajevo - Sloboda,1.1,1
2014,NK Vitez - FK Sarajevo,1.31,1
2014,Zeljeznicar - Travnik,1.15,1
2014,Zrinjski - Olimpic Sarajevo,1.25,1
2014,Zrinjski - Travnik,1.28,1
2014,Siroki Brijeg - Olimpic Sarajevo,1.46,0
2014,NK Vitez - Velez Mostar,1.2,1
2014,Radnik Bijeljina - FK Sarajevo,1.44,1
2014,Zeljeznicar - Mladost Velika Obarska,1.18,1
2014,Borac Banja Luka - NK Vitez,1.5,1
2014,Siroki Brijeg - Travnik,1.22,1
2014,Zrinjski - Mladost Velika Obarska,1.22,0
2014,Slavija - FK Sarajevo,1.48,1
2014,Sloboda - Drina Zvornik,1.48,1
2014,Zeljeznicar - Borac Banja Luka,1.48,1
2014,Mladost Velika Obarska - Slavija,1.5,1
2014,Celik Zenica - Zeljeznicar,1.48,0
2014,FK Sarajevo - Sloboda,1.1,1
2014,NK Vitez - FK Sarajevo,1.31,1
2014,Zeljeznicar - Travnik,1.15,1
2014,Zrinjski - Olimpic Sarajevo,1.25,1
2014,Zrinjski - Travnik,1.28,1
2014,Siroki Brijeg - Olimpic Sarajevo,1.46,0
2014,NK Vitez - Velez Mostar,1.2,1
2014,Radnik Bijeljina - FK Sarajevo,1.44,1
2014,Zeljeznicar - Mladost Velika Obarska,1.18,1
2014,Borac Banja Luka - NK Vitez,1.5,1
2014,Siroki Brijeg - Travnik,1.22,1
2014,Zrinjski - Mladost Velika Obarska,1.22,0
2014,Slavija - FK Sarajevo,1.48,1
2014,Sloboda - Drina Zvornik,1.48,1
2014,Zeljeznicar - Borac Banja Luka,1.48,1
2014,Mladost Velika Obarska - Slavija,1.5,1
2013,FK Sarajevo - Radnik Bijeljina,1.1,1
2013,Leotar - Borac Banja Luka,1.26,1
2013,Siroki Brijeg - Celik Zenica,1.14,1
2013,Travnik - Gradacac,1.25,1
2013,Zrinjski - Mladost Velika Obarska,1.12,1
2013,Borac Banja Luka - Gradacac,1.32,0
2013,FK Sarajevo - NK Vitez,1.18,1
2013,Leotar - Siroki Brijeg,1.08,1
2013,Velez Mostar - Zeljeznicar,1.4,0
2013,Zeljeznicar - Mladost Velika Obarska,1.17,1
2013,Zrinjski - Celik Zenica,1.17,1
2013,Siroki Brijeg - Borac Banja Luka,1.27,1
2013,Slavija - Leotar,1.1,1
2013,Leotar - Zrinjski,1.04,1
2013,Siroki Brijeg - Slavija,1.21,1
2013,FK Sarajevo - Gradacac,1.16,1
2013,Travnik - Mladost Velika Obarska,1.43,0
2013,Zeljeznicar - Celik Zenica,1.37,1
2013,Radnik Bijeljina - Leotar,1.09,1
2013,Siroki Brijeg - Radnik Bijeljina,1.25,1
2013,FK Sarajevo - Radnik Bijeljina,1.1,1
2013,Leotar - Borac Banja Luka,1.26,1
2013,Siroki Brijeg - Celik Zenica,1.14,1
2013,Travnik - Gradacac,1.25,1
2013,Zrinjski - Mladost Velika Obarska,1.12,1
2013,Borac Banja Luka - Gradacac,1.32,0
2013,FK Sarajevo - NK Vitez,1.18,1
2013,Leotar - Siroki Brijeg,1.08,1
2013,Velez Mostar - Zeljeznicar,1.4,0
2013,Zeljeznicar - Mladost Velika Obarska,1.17,1
2013,Zrinjski - Celik Zenica,1.17,1
2013,Siroki Brijeg - Borac Banja Luka,1.27,1
2013,Slavija - Leotar,1.1,1
2013,Leotar - Zrinjski,1.04,1
2013,Siroki Brijeg - Slavija,1.21,1
2013,FK Sarajevo - Gradacac,1.16,1
2013,Travnik - Mladost Velika Obarska,1.43,0
2013,Zeljeznicar - Celik Zenica,1.37,1
2013,Radnik Bijeljina - Leotar,1.09,1
2013,Siroki Brijeg - Radnik Bijeljina,1.25,1
2013,FK Sarajevo - Radnik Bijeljina,1.1,1
2013,Leotar - Borac Banja Luka,1.26,1
2013,Siroki Brijeg - Celik Zenica,1.14,1
2013,Travnik - Gradacac,1.25,1
2013,Zrinjski - Mladost Velika Obarska,1.12,1
2013,Borac Banja Luka - Gradacac,1.32,0
2013,FK Sarajevo - NK Vitez,1.18,1
2013,Leotar - Siroki Brijeg,1.08,1
2013,Velez Mostar - Zeljeznicar,1.4,0
2013,Zeljeznicar - Mladost Velika Obarska,1.17,1
2013,Zrinjski - Celik Zenica,1.17,1
2013,Siroki Brijeg - Borac Banja Luka,1.27,1
2013,Slavija - Leotar,1.1,1
2013,Leotar - Zrinjski,1.04,1
2013,Siroki Brijeg - Slavija,1.21,1
2013,FK Sarajevo - Gradacac,1.16,1
2013,Travnik - Mladost Velika Obarska,1.43,0
2013,Zeljeznicar - Celik Zenica,1.37,1
2013,Radnik Bijeljina - Leotar,1.09,1
2013,Siroki Brijeg - Radnik Bijeljina,1.25,1
2013,FK Sarajevo - Radnik Bijeljina,1.1,1
2013,Leotar - Borac Banja Luka,1.26,1
2013,Siroki Brijeg - Celik Zenica,1.14,1
2013,Travnik - Gradacac,1.25,1
2013,Zrinjski - Mladost Velika Obarska,1.12,1
2013,Borac Banja Luka - Gradacac,1.32,0
2013,FK Sarajevo - NK Vitez,1.18,1
2013,Leotar - Siroki Brijeg,1.08,1
2013,Velez Mostar - Zeljeznicar,1.4,0
2013,Zeljeznicar - Mladost Velika Obarska,1.17,1
2013,Zrinjski - Celik Zenica,1.17,1
2013,Siroki Brijeg - Borac Banja Luka,1.27,1
2013,Slavija - Leotar,1.1,1
2013,Leotar - Zrinjski,1.04,1
2013,Siroki Brijeg - Slavija,1.21,1
2013,FK Sarajevo - Gradacac,1.16,1
2013,Travnik - Mladost Velika Obarska,1.43,0
2013,Zeljeznicar - Celik Zenica,1.37,1
2013,Radnik Bijeljina - Leotar,1.09,1
2013,Siroki Brijeg - Radnik Bijeljina,1.25,1
2013,FK Sarajevo - Radnik Bijeljina,1.1,1
2013,Leotar - Borac Banja Luka,1.26,1
2013,Siroki Brijeg - Celik Zenica,1.14,1
2013,Travnik - Gradacac,1.25,1
2013,Zrinjski - Mladost Velika Obarska,1.12,1
2013,Borac Banja Luka - Gradacac,1.32,0
2013,FK Sarajevo - NK Vitez,1.18,1
2013,Leotar - Siroki Brijeg,1.08,1
2013,Velez Mostar - Zeljeznicar,1.4,0
2013,Zeljeznicar - Mladost Velika Obarska,1.17,1
2013,Zrinjski - Celik Zenica,1.17,1
2013,Siroki Brijeg - Borac Banja Luka,1.27,1
2013,Slavija - Leotar,1.1,1
2013,Leotar - Zrinjski,1.04,1
2013,Siroki Brijeg - Slavija,1.21,1
2013,FK Sarajevo - Gradacac,1.16,1
2013,Travnik - Mladost Velika Obarska,1.43,0
2013,Zeljeznicar - Celik Zenica,1.37,1
2013,Radnik Bijeljina - Leotar,1.09,1
2013,Siroki Brijeg - Radnik Bijeljina,1.25,1
2012,FK Sarajevo - Radnik Bijeljina,1.27,1
2012,Travnik - Gradacac,1.24,1
2012,Borac Banja Luka - Travnik,1.45,0
2012,Celik Zenica - Gradina Srebrenik,1.1,1
2012,Gradacac - Siroki Brijeg,1.38,1
2012,Zeljeznicar - Leotar,1.35,1
2012,FK Sarajevo - Slavija,1.28,1
2012,Olimpic Sarajevo - Zrinjski,1.2,0
2012,Borac Banja Luka - Leotar,1.19,1
2012,Travnik - Siroki Brijeg,1.37,1
2012,Zrinjski - Gradina Srebrenik,1.26,1
2012,Celik Zenica - GOSK Gabela,1.5,1
2012,Celik Zenica - Radnik Bijeljina,1.42,0
2012,FK Sarajevo - Gradacac,1.42,1
2012,Zeljeznicar - Gradina Srebrenik,1.09,1
2012,Siroki Brijeg - Leotar,1.39,0
2012,FK Sarajevo - Radnik Bijeljina,1.27,1
2012,Travnik - Gradacac,1.24,1
2012,Borac Banja Luka - Travnik,1.45,0
2012,Celik Zenica - Gradina Srebrenik,1.1,1
2012,Gradacac - Siroki Brijeg,1.38,1
2012,Zeljeznicar - Leotar,1.35,1
2012,FK Sarajevo - Slavija,1.28,1
2012,Olimpic Sarajevo - Zrinjski,1.2,0
2012,Borac Banja Luka - Leotar,1.19,1
2012,Travnik - Siroki Brijeg,1.37,1
2012,Zrinjski - Gradina Srebrenik,1.26,1
2012,Celik Zenica - GOSK Gabela,1.5,1
2012,Celik Zenica - Radnik Bijeljina,1.42,0
2012,FK Sarajevo - Gradacac,1.42,1
2012,Zeljeznicar - Gradina Srebrenik,1.09,1
2012,Siroki Brijeg - Leotar,1.39,0
2012,FK Sarajevo - Radnik Bijeljina,1.27,1
2012,Travnik - Gradacac,1.24,1
2012,Borac Banja Luka - Travnik,1.45,0
2012,Celik Zenica - Gradina Srebrenik,1.1,1
2012,Gradacac - Siroki Brijeg,1.38,1
2012,Zeljeznicar - Leotar,1.35,1
2012,FK Sarajevo - Slavija,1.28,1
2012,Olimpic Sarajevo - Zrinjski,1.2,0
2012,Borac Banja Luka - Leotar,1.19,1
2012,Travnik - Siroki Brijeg,1.37,1
2012,Zrinjski - Gradina Srebrenik,1.26,1
2012,Celik Zenica - GOSK Gabela,1.5,1
2012,Celik Zenica - Radnik Bijeljina,1.42,0
2012,FK Sarajevo - Gradacac,1.42,1
2012,Zeljeznicar - Gradina Srebrenik,1.09,1
2012,Siroki Brijeg - Leotar,1.39,0
2012,FK Sarajevo - Radnik Bijeljina,1.27,1
2012,Travnik - Gradacac,1.24,1
2012,Borac Banja Luka - Travnik,1.45,0
2012,Celik Zenica - Gradina Srebrenik,1.1,1
2012,Gradacac - Siroki Brijeg,1.38,1
2012,Zeljeznicar - Leotar,1.35,1
2012,FK Sarajevo - Slavija,1.28,1
2012,Olimpic Sarajevo - Zrinjski,1.2,0
2012,Borac Banja Luka - Leotar,1.19,1
2012,Travnik - Siroki Brijeg,1.37,1
2012,Zrinjski - Gradina Srebrenik,1.26,1
2012,Celik Zenica - GOSK Gabela,1.5,1
2012,Celik Zenica - Radnik Bijeljina,1.42,0
2012,FK Sarajevo - Gradacac,1.42,1
2012,Zeljeznicar - Gradina Srebrenik,1.09,1
2012,Siroki Brijeg - Leotar,1.39,0
2012,FK Sarajevo - Radnik Bijeljina,1.27,1
2012,Travnik - Gradacac,1.24,1
2012,Borac Banja Luka - Travnik,1.45,0
2012,Celik Zenica - Gradina Srebrenik,1.1,1
2012,Gradacac - Siroki Brijeg,1.38,1
2012,Zeljeznicar - Leotar,1.35,1
2012,FK Sarajevo - Slavija,1.28,1
2012,Olimpic Sarajevo - Zrinjski,1.2,0
2012,Borac Banja Luka - Leotar,1.19,1
2012,Travnik - Siroki Brijeg,1.37,1
2012,Zrinjski - Gradina Srebrenik,1.26,1
2012,Celik Zenica - GOSK Gabela,1.5,1
2012,Celik Zenica - Radnik Bijeljina,1.42,0
2012,FK Sarajevo - Gradacac,1.42,1
2012,Zeljeznicar - Gradina Srebrenik,1.09,1
2012,Siroki Brijeg - Leotar,1.39,0
2011,Celik Zenica - Travnik,1.41,0
2011,Prijedor - Zrinjski,1.19,1
2011,Slavija - Sloboda,1.32,1
2011,Borac Banja Luka - Slavija,1.45,1
2011,GOSK Gabela - Celik Zenica,1.44,0
2011,Olimpic Sarajevo - Leotar,1.39,1
2011,Sloboda - Velez Mostar,1.2,1
2011,Travnik - Prijedor,1.42,1
2011,Zeljeznicar - Kozara,1.13,1
2011,Celik Zenica - Prijedor,1.27,1
2011,Kozara - Olimpic Sarajevo,1.48,1
2011,Leotar - Zrinjski,1.37,0
2011,GOSK Gabela - Sloboda,1.34,0
2011,Siroki Brijeg - Travnik,1.2,1
2011,Slavija - Gradacac,1.2,1
2011,Zeljeznicar - Slavija,1.18,1
2011,Zrinjski - Kozara,1.1,0
2011,Borac Banja Luka - GOSK Gabela,1.25,1
2011,Gradacac - Velez Mostar,1.41,1
2011,Sloboda - Celik Zenica,1.36,1
2011,Travnik - Leotar,1.29,1
2011,FK Sarajevo - Zrinjski,1.4,1
2011,Slavija - Olimpic Sarajevo,1.31,0
2011,Kozara - Travnik,1.34,1
2011,Leotar - Prijedor,1.2,1
2011,GOSK Gabela - Gradacac,1.19,1
2011,Borac Banja Luka - Celik Zenica,1.26,1
2011,Zeljeznicar - GOSK Gabela,1.1,1
2011,Zrinjski - Slavija,1.48,1
2011,Prijedor - Kozara,1.26,1
2011,Olimpic Sarajevo - Velez Mostar,1.33,0
2011,Siroki Brijeg - Leotar,1.19,1
2011,Celik Zenica - Travnik,1.41,0
2011,Prijedor - Zrinjski,1.19,1
2011,Slavija - Sloboda,1.32,1
2011,Borac Banja Luka - Slavija,1.45,1
2011,GOSK Gabela - Celik Zenica,1.44,0
2011,Olimpic Sarajevo - Leotar,1.39,1
2011,Sloboda - Velez Mostar,1.2,1
2011,Travnik - Prijedor,1.42,1
2011,Zeljeznicar - Kozara,1.13,1
2011,Celik Zenica - Prijedor,1.27,1
2011,Kozara - Olimpic Sarajevo,1.48,1
2011,Leotar - Zrinjski,1.37,0
2011,GOSK Gabela - Sloboda,1.34,0
2011,Siroki Brijeg - Travnik,1.2,1
2011,Slavija - Gradacac,1.2,1
2011,Zeljeznicar - Slavija,1.18,1
2011,Zrinjski - Kozara,1.1,0
2011,Borac Banja Luka - GOSK Gabela,1.25,1
2011,Gradacac - Velez Mostar,1.41,1
2011,Sloboda - Celik Zenica,1.36,1
2011,Travnik - Leotar,1.29,1
2011,FK Sarajevo - Zrinjski,1.4,1
2011,Slavija - Olimpic Sarajevo,1.31,0
2011,Kozara - Travnik,1.34,1
2011,Leotar - Prijedor,1.2,1
2011,GOSK Gabela - Gradacac,1.19,1
2011,Borac Banja Luka - Celik Zenica,1.26,1
2011,Zeljeznicar - GOSK Gabela,1.1,1
2011,Zrinjski - Slavija,1.48,1
2011,Prijedor - Kozara,1.26,1
2011,Olimpic Sarajevo - Velez Mostar,1.33,0
2011,Siroki Brijeg - Leotar,1.19,1
2011,Celik Zenica - Travnik,1.41,0
2011,Prijedor - Zrinjski,1.19,1
2011,Slavija - Sloboda,1.32,1
2011,Borac Banja Luka - Slavija,1.45,1
2011,GOSK Gabela - Celik Zenica,1.44,0
2011,Olimpic Sarajevo - Leotar,1.39,1
2011,Sloboda - Velez Mostar,1.2,1
2011,Travnik - Prijedor,1.42,1
2011,Zeljeznicar - Kozara,1.13,1
2011,Celik Zenica - Prijedor,1.27,1
2011,Kozara - Olimpic Sarajevo,1.48,1
2011,Leotar - Zrinjski,1.37,0
2011,GOSK Gabela - Sloboda,1.34,0
2011,Siroki Brijeg - Travnik,1.2,1
2011,Slavija - Gradacac,1.2,1
2011,Zeljeznicar - Slavija,1.18,1
2011,Zrinjski - Kozara,1.1,0
2011,Borac Banja Luka - GOSK Gabela,1.25,1
2011,Gradacac - Velez Mostar,1.41,1
2011,Sloboda - Celik Zenica,1.36,1
2011,Travnik - Leotar,1.29,1
2011,FK Sarajevo - Zrinjski,1.4,1
2011,Slavija - Olimpic Sarajevo,1.31,0
2011,Kozara - Travnik,1.34,1
2011,Leotar - Prijedor,1.2,1
2011,GOSK Gabela - Gradacac,1.19,1
2011,Borac Banja Luka - Celik Zenica,1.26,1
2011,Zeljeznicar - GOSK Gabela,1.1,1
2011,Zrinjski - Slavija,1.48,1
2011,Prijedor - Kozara,1.26,1
2011,Olimpic Sarajevo - Velez Mostar,1.33,0
2011,Siroki Brijeg - Leotar,1.19,1
2011,Celik Zenica - Travnik,1.41,0
2011,Prijedor - Zrinjski,1.19,1
2011,Slavija - Sloboda,1.32,1
2011,Borac Banja Luka - Slavija,1.45,1
2011,GOSK Gabela - Celik Zenica,1.44,0
2011,Olimpic Sarajevo - Leotar,1.39,1
2011,Sloboda - Velez Mostar,1.2,1
2011,Travnik - Prijedor,1.42,1
2011,Zeljeznicar - Kozara,1.13,1
2011,Celik Zenica - Prijedor,1.27,1
2011,Kozara - Olimpic Sarajevo,1.48,1
2011,Leotar - Zrinjski,1.37,0
2011,GOSK Gabela - Sloboda,1.34,0
2011,Siroki Brijeg - Travnik,1.2,1
2011,Slavija - Gradacac,1.2,1
2011,Zeljeznicar - Slavija,1.18,1
2011,Zrinjski - Kozara,1.1,0
2011,Borac Banja Luka - GOSK Gabela,1.25,1
2011,Gradacac - Velez Mostar,1.41,1
2011,Sloboda - Celik Zenica,1.36,1
2011,Travnik - Leotar,1.29,1
2011,FK Sarajevo - Zrinjski,1.4,1
2011,Slavija - Olimpic Sarajevo,1.31,0
2011,Kozara - Travnik,1.34,1
2011,Leotar - Prijedor,1.2,1
2011,GOSK Gabela - Gradacac,1.19,1
2011,Borac Banja Luka - Celik Zenica,1.26,1
2011,Zeljeznicar - GOSK Gabela,1.1,1
2011,Zrinjski - Slavija,1.48,1
2011,Prijedor - Kozara,1.26,1
2011,Olimpic Sarajevo - Velez Mostar,1.33,0
2011,Siroki Brijeg - Leotar,1.19,1
2011,Celik Zenica - Travnik,1.41,0
2011,Prijedor - Zrinjski,1.19,1
2011,Slavija - Sloboda,1.32,1
2011,Borac Banja Luka - Slavija,1.45,1
2011,GOSK Gabela - Celik Zenica,1.44,0
2011,Olimpic Sarajevo - Leotar,1.39,1
2011,Sloboda - Velez Mostar,1.2,1
2011,Travnik - Prijedor,1.42,1
2011,Zeljeznicar - Kozara,1.13,1
2011,Celik Zenica - Prijedor,1.27,1
2011,Kozara - Olimpic Sarajevo,1.48,1
2011,Leotar - Zrinjski,1.37,0
2011,GOSK Gabela - Sloboda,1.34,0
2011,Siroki Brijeg - Travnik,1.2,1
2011,Slavija - Gradacac,1.2,1
2011,Zeljeznicar - Slavija,1.18,1
2011,Zrinjski - Kozara,1.1,0
2011,Borac Banja Luka - GOSK Gabela,1.25,1
2011,Gradacac - Velez Mostar,1.41,1
2011,Sloboda - Celik Zenica,1.36,1
2011,Travnik - Leotar,1.29,1
2011,FK Sarajevo - Zrinjski,1.4,1
2011,Slavija - Olimpic Sarajevo,1.31,0
2011,Kozara - Travnik,1.34,1
2011,Leotar - Prijedor,1.2,1
2011,GOSK Gabela - Gradacac,1.19,1
2011,Borac Banja Luka - Celik Zenica,1.26,1
2011,Zeljeznicar - GOSK Gabela,1.1,1
2011,Zrinjski - Slavija,1.48,1
2011,Prijedor - Kozara,1.26,1
2011,Olimpic Sarajevo - Velez Mostar,1.33,0
2011,Siroki Brijeg - Leotar,1.19,1
2010,Borac Banja Luka - Leotar,1.12,0
2010,FK Sarajevo - Velez Mostar,1.13,1
2010,Olimpic Sarajevo - Travnik,1.24,1
2010,Sloboda - Gradacac,1.5,1
2010,Zrinjski - Drina Zvornik,1.25,1
2010,Leotar - Banovici,1.25,0
2010,Siroki Brijeg - Zrinjski,1.24,1
2010,Velez Mostar - Slavija,1.32,1
2010,Drina Zvornik - FK Sarajevo,1.4,1
2010,Banovici - Zeljeznicar,1.32,1
2010,Borac Banja Luka - Travnik,1.1,1
2010,Celik Zenica - Velez Mostar,1.42,1
2010,Prijedor - Gradacac,1.45,0
2010,Slavija - Drina Zvornik,1.18,0
2010,Sloboda - Olimpic Sarajevo,1.4,0
2010,Zrinjski - Leotar,1.26,1
2010,Olimpic Sarajevo - Prijedor,1.42,1
2010,Siroki Brijeg - Slavija,1.12,1
2010,Travnik - Banovici,1.16,0
2010,Zeljeznicar - Zrinjski,1.2,1
2010,Slavija - Leotar,1.39,1
2010,Zrinjski - Travnik,1.24,1
2010,Borac Banja Luka - Olimpic Sarajevo,1.13,1
2010,Sloboda - Prijedor,1.37,1
2010,Velez Mostar - Drina Zvornik,1.17,1
2010,Gradacac - Zrinjski,1.41,0
2010,Leotar - Celik Zenica,1.48,1
2010,Olimpic Sarajevo - Banovici,1.11,0
2010,Siroki Brijeg - Velez Mostar,1.16,1
2010,Zeljeznicar - Slavija,1.17,1
2010,Zrinjski - Olimpic Sarajevo,1.49,1
2010,FK Sarajevo - Gradacac,1.2,1
2010,Borac Banja Luka - Leotar,1.12,0
2010,FK Sarajevo - Velez Mostar,1.13,1
2010,Olimpic Sarajevo - Travnik,1.24,1
2010,Sloboda - Gradacac,1.5,1
2010,Zrinjski - Drina Zvornik,1.25,1
2010,Leotar - Banovici,1.25,0
2010,Siroki Brijeg - Zrinjski,1.24,1
2010,Velez Mostar - Slavija,1.32,1
2010,Drina Zvornik - FK Sarajevo,1.4,1
2010,Banovici - Zeljeznicar,1.32,1
2010,Borac Banja Luka - Travnik,1.1,1
2010,Celik Zenica - Velez Mostar,1.42,1
2010,Prijedor - Gradacac,1.45,0
2010,Slavija - Drina Zvornik,1.18,0
2010,Sloboda - Olimpic Sarajevo,1.4,0
2010,Zrinjski - Leotar,1.26,1
2010,Olimpic Sarajevo - Prijedor,1.42,1
2010,Siroki Brijeg - Slavija,1.12,1
2010,Travnik - Banovici,1.16,0
2010,Zeljeznicar - Zrinjski,1.2,1
2010,Slavija - Leotar,1.39,1
2010,Zrinjski - Travnik,1.24,1
2010,Borac Banja Luka - Olimpic Sarajevo,1.13,1
2010,Sloboda - Prijedor,1.37,1
2010,Velez Mostar - Drina Zvornik,1.17,1
2010,Gradacac - Zrinjski,1.41,0
2010,Leotar - Celik Zenica,1.48,1
2010,Olimpic Sarajevo - Banovici,1.11,0
2010,Siroki Brijeg - Velez Mostar,1.16,1
2010,Zeljeznicar - Slavija,1.17,1
2010,Zrinjski - Olimpic Sarajevo,1.49,1
2010,FK Sarajevo - Gradacac,1.2,1
2010,Borac Banja Luka - Leotar,1.12,0
2010,FK Sarajevo - Velez Mostar,1.13,1
2010,Olimpic Sarajevo - Travnik,1.24,1
2010,Sloboda - Gradacac,1.5,1
2010,Zrinjski - Drina Zvornik,1.25,1
2010,Leotar - Banovici,1.25,0
2010,Siroki Brijeg - Zrinjski,1.24,1
2010,Velez Mostar - Slavija,1.32,1
2010,Drina Zvornik - FK Sarajevo,1.4,1
2010,Banovici - Zeljeznicar,1.32,1
2010,Borac Banja Luka - Travnik,1.1,1
2010,Celik Zenica - Velez Mostar,1.42,1
2010,Prijedor - Gradacac,1.45,0
2010,Slavija - Drina Zvornik,1.18,0
2010,Sloboda - Olimpic Sarajevo,1.4,0
2010,Zrinjski - Leotar,1.26,1
2010,Olimpic Sarajevo - Prijedor,1.42,1
2010,Siroki Brijeg - Slavija,1.12,1
2010,Travnik - Banovici,1.16,0
2010,Zeljeznicar - Zrinjski,1.2,1
2010,Slavija - Leotar,1.39,1
2010,Zrinjski - Travnik,1.24,1
2010,Borac Banja Luka - Olimpic Sarajevo,1.13,1
2010,Sloboda - Prijedor,1.37,1
2010,Velez Mostar - Drina Zvornik,1.17,1
2010,Gradacac - Zrinjski,1.41,0
2010,Leotar - Celik Zenica,1.48,1
2010,Olimpic Sarajevo - Banovici,1.11,0
2010,Siroki Brijeg - Velez Mostar,1.16,1
2010,Zeljeznicar - Slavija,1.17,1
2010,Zrinjski - Olimpic Sarajevo,1.49,1
2010,FK Sarajevo - Gradacac,1.2,1
2010,Borac Banja Luka - Leotar,1.12,0
2010,FK Sarajevo - Velez Mostar,1.13,1
2010,Olimpic Sarajevo - Travnik,1.24,1
2010,Sloboda - Gradacac,1.5,1
2010,Zrinjski - Drina Zvornik,1.25,1
2010,Leotar - Banovici,1.25,0
2010,Siroki Brijeg - Zrinjski,1.24,1
2010,Velez Mostar - Slavija,1.32,1
2010,Drina Zvornik - FK Sarajevo,1.4,1
2010,Banovici - Zeljeznicar,1.32,1
2010,Borac Banja Luka - Travnik,1.1,1
2010,Celik Zenica - Velez Mostar,1.42,1
2010,Prijedor - Gradacac,1.45,0
2010,Slavija - Drina Zvornik,1.18,0
2010,Sloboda - Olimpic Sarajevo,1.4,0
2010,Zrinjski - Leotar,1.26,1
2010,Olimpic Sarajevo - Prijedor,1.42,1
2010,Siroki Brijeg - Slavija,1.12,1
2010,Travnik - Banovici,1.16,0
2010,Zeljeznicar - Zrinjski,1.2,1
2010,Slavija - Leotar,1.39,1
2010,Zrinjski - Travnik,1.24,1
2010,Borac Banja Luka - Olimpic Sarajevo,1.13,1
2010,Sloboda - Prijedor,1.37,1
2010,Velez Mostar - Drina Zvornik,1.17,1
2010,Gradacac - Zrinjski,1.41,0
2010,Leotar - Celik Zenica,1.48,1
2010,Olimpic Sarajevo - Banovici,1.11,0
2010,Siroki Brijeg - Velez Mostar,1.16,1
2010,Zeljeznicar - Slavija,1.17,1
2010,Zrinjski - Olimpic Sarajevo,1.49,1
2010,FK Sarajevo - Gradacac,1.2,1
2010,Borac Banja Luka - Leotar,1.12,0
2010,FK Sarajevo - Velez Mostar,1.13,1
2010,Olimpic Sarajevo - Travnik,1.24,1
2010,Sloboda - Gradacac,1.5,1
2010,Zrinjski - Drina Zvornik,1.25,1
2010,Leotar - Banovici,1.25,0
2010,Siroki Brijeg - Zrinjski,1.24,1
2010,Velez Mostar - Slavija,1.32,1
2010,Drina Zvornik - FK Sarajevo,1.4,1
2010,Banovici - Zeljeznicar,1.32,1
2010,Borac Banja Luka - Travnik,1.1,1
2010,Celik Zenica - Velez Mostar,1.42,1
2010,Prijedor - Gradacac,1.45,0
2010,Slavija - Drina Zvornik,1.18,0
2010,Sloboda - Olimpic Sarajevo,1.4,0
2010,Zrinjski - Leotar,1.26,1
2010,Olimpic Sarajevo - Prijedor,1.42,1
2010,Siroki Brijeg - Slavija,1.12,1
2010,Travnik - Banovici,1.16,0
2010,Zeljeznicar - Zrinjski,1.2,1
2010,Slavija - Leotar,1.39,1
2010,Zrinjski - Travnik,1.24,1
2010,Borac Banja Luka - Olimpic Sarajevo,1.13,1
2010,Sloboda - Prijedor,1.37,1
2010,Velez Mostar - Drina Zvornik,1.17,1
2010,Gradacac - Zrinjski,1.41,0
2010,Leotar - Celik Zenica,1.48,1
2010,Olimpic Sarajevo - Banovici,1.11,0
2010,Siroki Brijeg - Velez Mostar,1.16,1
2010,Zeljeznicar - Slavija,1.17,1
2010,Zrinjski - Olimpic Sarajevo,1.49,1
2010,FK Sarajevo - Gradacac,1.2,1
2009,Celik Zenica - Slavija,1.1,1
2009,FK Sarajevo - Borac Banja Luka,1.5,1
2009,Laktasi - Prijedor,1.14,1
2009,Olimpic Sarajevo - Sloboda,1.39,1
2009,Travnik - Gradacac,1.34,1
2009,Borac Banja Luka - Olimpic Sarajevo,1.21,0
2009,Slavija - Leotar,1.16,1
2009,Sloboda - Velez Mostar,1.27,1
2009,Zeljeznicar - Laktasi,1.21,1
2009,Zrinjski - Celik Zenica,1.21,1
2009,Celik Zenica - Gradacac,1.12,1
2009,Laktasi - Slavija,1.16,1
2009,Olimpic Sarajevo - Prijedor,1.3,1
2009,Siroki Brijeg - Celik Zenica,1.39,1
2009,Zeljeznicar - Olimpic Sarajevo,1.11,1
2009,Zrinjski - Laktasi,1.22,1
2009,Prijedor - Velez Mostar,1.25,1
2009,Gradacac - Leotar,1.27,1
2009,Sloboda - Travnik,1.24,1
2009,Laktasi - Gradacac,1.16,1
2009,Olimpic Sarajevo - Slavija,1.4,1
2009,FK Sarajevo - Zrinjski,1.46,1
2009,Travnik - Celik Zenica,1.5,1
2009,Borac Banja Luka - Travnik,1.1,1
2009,Zrinjski - Olimpic Sarajevo,1.25,1
2009,Gradacac - FK Sarajevo,1.45,1
2009,Siroki Brijeg - Laktasi,1.2,1
2009,Slavija - Velez Mostar,1.3,1
2009,Celik Zenica - Leotar,1.2,0
2009,Prijedor - Sloboda,1.25,1
2009,Olimpic Sarajevo - Gradacac,1.35,1
2009,Borac Banja Luka - Prijedor,1.1,1
2009,FK Sarajevo - Siroki Brijeg,1.28,0
2009,Laktasi - Celik Zenica,1.28,1
2009,Travnik - Leotar,1.26,0
2009,Velez Mostar - Zrinjski,1.31,0
2009,Siroki Brijeg - Olimpic Sarajevo,1.15,0
2009,Celik Zenica - Slavija,1.1,1
2009,FK Sarajevo - Borac Banja Luka,1.5,1
2009,Laktasi - Prijedor,1.14,1
2009,Olimpic Sarajevo - Sloboda,1.39,1
2009,Travnik - Gradacac,1.34,1
2009,Borac Banja Luka - Olimpic Sarajevo,1.21,0
2009,Slavija - Leotar,1.16,1
2009,Sloboda - Velez Mostar,1.27,1
2009,Zeljeznicar - Laktasi,1.21,1
2009,Zrinjski - Celik Zenica,1.21,1
2009,Celik Zenica - Gradacac,1.12,1
2009,Laktasi - Slavija,1.16,1
2009,Olimpic Sarajevo - Prijedor,1.3,1
2009,Siroki Brijeg - Celik Zenica,1.39,1
2009,Zeljeznicar - Olimpic Sarajevo,1.11,1
2009,Zrinjski - Laktasi,1.22,1
2009,Prijedor - Velez Mostar,1.25,1
2009,Gradacac - Leotar,1.27,1
2009,Sloboda - Travnik,1.24,1
2009,Laktasi - Gradacac,1.16,1
2009,Olimpic Sarajevo - Slavija,1.4,1
2009,FK Sarajevo - Zrinjski,1.46,1
2009,Travnik - Celik Zenica,1.5,1
2009,Borac Banja Luka - Travnik,1.1,1
2009,Zrinjski - Olimpic Sarajevo,1.25,1
2009,Gradacac - FK Sarajevo,1.45,1
2009,Siroki Brijeg - Laktasi,1.2,1
2009,Slavija - Velez Mostar,1.3,1
2009,Celik Zenica - Leotar,1.2,0
2009,Prijedor - Sloboda,1.25,1
2009,Olimpic Sarajevo - Gradacac,1.35,1
2009,Borac Banja Luka - Prijedor,1.1,1
2009,FK Sarajevo - Siroki Brijeg,1.28,0
2009,Laktasi - Celik Zenica,1.28,1
2009,Travnik - Leotar,1.26,0
2009,Velez Mostar - Zrinjski,1.31,0
2009,Siroki Brijeg - Olimpic Sarajevo,1.15,0
2009,Celik Zenica - Slavija,1.1,1
2009,FK Sarajevo - Borac Banja Luka,1.5,1
2009,Laktasi - Prijedor,1.14,1
2009,Olimpic Sarajevo - Sloboda,1.39,1
2009,Travnik - Gradacac,1.34,1
2009,Borac Banja Luka - Olimpic Sarajevo,1.21,0
2009,Slavija - Leotar,1.16,1
2009,Sloboda - Velez Mostar,1.27,1
2009,Zeljeznicar - Laktasi,1.21,1
2009,Zrinjski - Celik Zenica,1.21,1
2009,Celik Zenica - Gradacac,1.12,1
2009,Laktasi - Slavija,1.16,1
2009,Olimpic Sarajevo - Prijedor,1.3,1
2009,Siroki Brijeg - Celik Zenica,1.39,1
2009,Zeljeznicar - Olimpic Sarajevo,1.11,1
2009,Zrinjski - Laktasi,1.22,1
2009,Prijedor - Velez Mostar,1.25,1
2009,Gradacac - Leotar,1.27,1
2009,Sloboda - Travnik,1.24,1
2009,Laktasi - Gradacac,1.16,1
2009,Olimpic Sarajevo - Slavija,1.4,1
2009,FK Sarajevo - Zrinjski,1.46,1
2009,Travnik - Celik Zenica,1.5,1
2009,Borac Banja Luka - Travnik,1.1,1
2009,Zrinjski - Olimpic Sarajevo,1.25,1
2009,Gradacac - FK Sarajevo,1.45,1
2009,Siroki Brijeg - Laktasi,1.2,1
2009,Slavija - Velez Mostar,1.3,1
2009,Celik Zenica - Leotar,1.2,0
2009,Prijedor - Sloboda,1.25,1
2009,Olimpic Sarajevo - Gradacac,1.35,1
2009,Borac Banja Luka - Prijedor,1.1,1
2009,FK Sarajevo - Siroki Brijeg,1.28,0
2009,Laktasi - Celik Zenica,1.28,1
2009,Travnik - Leotar,1.26,0
2009,Velez Mostar - Zrinjski,1.31,0
2009,Siroki Brijeg - Olimpic Sarajevo,1.15,0
2009,Celik Zenica - Slavija,1.1,1
2009,FK Sarajevo - Borac Banja Luka,1.5,1
2009,Laktasi - Prijedor,1.14,1
2009,Olimpic Sarajevo - Sloboda,1.39,1
2009,Travnik - Gradacac,1.34,1
2009,Borac Banja Luka - Olimpic Sarajevo,1.21,0
2009,Slavija - Leotar,1.16,1
2009,Sloboda - Velez Mostar,1.27,1
2009,Zeljeznicar - Laktasi,1.21,1
2009,Zrinjski - Celik Zenica,1.21,1
2009,Celik Zenica - Gradacac,1.12,1
2009,Laktasi - Slavija,1.16,1
2009,Olimpic Sarajevo - Prijedor,1.3,1
2009,Siroki Brijeg - Celik Zenica,1.39,1
2009,Zeljeznicar - Olimpic Sarajevo,1.11,1
2009,Zrinjski - Laktasi,1.22,1
2009,Prijedor - Velez Mostar,1.25,1
2009,Gradacac - Leotar,1.27,1
2009,Sloboda - Travnik,1.24,1
2009,Laktasi - Gradacac,1.16,1
2009,Olimpic Sarajevo - Slavija,1.4,1
2009,FK Sarajevo - Zrinjski,1.46,1
2009,Travnik - Celik Zenica,1.5,1
2009,Borac Banja Luka - Travnik,1.1,1
2009,Zrinjski - Olimpic Sarajevo,1.25,1
2009,Gradacac - FK Sarajevo,1.45,1
2009,Siroki Brijeg - Laktasi,1.2,1
2009,Slavija - Velez Mostar,1.3,1
2009,Celik Zenica - Leotar,1.2,0
2009,Prijedor - Sloboda,1.25,1
2009,Olimpic Sarajevo - Gradacac,1.35,1
2009,Borac Banja Luka - Prijedor,1.1,1
2009,FK Sarajevo - Siroki Brijeg,1.28,0
2009,Laktasi - Celik Zenica,1.28,1
2009,Travnik - Leotar,1.26,0
2009,Velez Mostar - Zrinjski,1.31,0
2009,Siroki Brijeg - Olimpic Sarajevo,1.15,0
2009,Celik Zenica - Slavija,1.1,1
2009,FK Sarajevo - Borac Banja Luka,1.5,1
2009,Laktasi - Prijedor,1.14,1
2009,Olimpic Sarajevo - Sloboda,1.39,1
2009,Travnik - Gradacac,1.34,1
2009,Borac Banja Luka - Olimpic Sarajevo,1.21,0
2009,Slavija - Leotar,1.16,1
2009,Sloboda - Velez Mostar,1.27,1
2009,Zeljeznicar - Laktasi,1.21,1
2009,Zrinjski - Celik Zenica,1.21,1
2009,Celik Zenica - Gradacac,1.12,1
2009,Laktasi - Slavija,1.16,1
2009,Olimpic Sarajevo - Prijedor,1.3,1
2009,Siroki Brijeg - Celik Zenica,1.39,1
2009,Zeljeznicar - Olimpic Sarajevo,1.11,1
2009,Zrinjski - Laktasi,1.22,1
2009,Prijedor - Velez Mostar,1.25,1
2009,Gradacac - Leotar,1.27,1
2009,Sloboda - Travnik,1.24,1
2009,Laktasi - Gradacac,1.16,1
2009,Olimpic Sarajevo - Slavija,1.4,1
2009,FK Sarajevo - Zrinjski,1.46,1
2009,Travnik - Celik Zenica,1.5,1
2009,Borac Banja Luka - Travnik,1.1,1
2009,Zrinjski - Olimpic Sarajevo,1.25,1
2009,Gradacac - FK Sarajevo,1.45,1
2009,Siroki Brijeg - Laktasi,1.2,1
2009,Slavija - Velez Mostar,1.3,1
2009,Celik Zenica - Leotar,1.2,0
2009,Prijedor - Sloboda,1.25,1
2009,Olimpic Sarajevo - Gradacac,1.35,1
2009,Borac Banja Luka - Prijedor,1.1,1
2009,FK Sarajevo - Siroki Brijeg,1.28,0
2009,Laktasi - Celik Zenica,1.28,1
2009,Travnik - Leotar,1.26,0
2009,Velez Mostar - Zrinjski,1.31,0
2009,Siroki Brijeg - Olimpic Sarajevo,1.15,0
2008,Celik Zenica - Borac Banja Luka,1.45,0
2008,Laktasi - Sloboda,1.45,1
2008,Slavija - FK Sarajevo,1.5,1
2008,Zeljeznicar - Travnik,1.25,1
2008,Zrinjski - Leotar,1.1,1
2008,Borac Banja Luka - Slavija,1.48,0
2008,FK Sarajevo - Posusje,1.06,1
2008,Leotar - Celik Zenica,1.11,1
2008,HNK Orasje - Zrinjski,1.11,1
2008,Siroki Brijeg - Zeljeznicar,1.27,1
2008,Sloboda - Modrica,1.21,1
2008,Travnik - Laktasi,1.15,1
2008,Velez Mostar - Gradacac,1.11,1
2008,Gradacac - Zrinjski,1.45,1
2008,Laktasi - Siroki Brijeg,1.45,1
2008,Modrica - Travnik,1.25,1
2008,Slavija - Leotar,1.14,1
2008,Velez Mostar - Sloboda,1.2,1
2008,FK Sarajevo - Laktasi,1.12,1
2008,Zrinjski - Celik Zenica,1.17,1
2008,Borac Banja Luka - Zeljeznicar,1.3,1
2008,Sloboda - Gradacac,1.26,1
2008,Leotar - Posusje,1.15,1
2008,HNK Orasje - Slavija,1.2,1
2008,Siroki Brijeg - Modrica,1.26,1
2008,Gradacac - Celik Zenica,1.4,0
2008,Laktasi - Borac Banja Luka,1.3,0
2008,Posusje - HNK Orasje,1.45,0
2008,Sloboda - Travnik,1.18,1
2008,Velez Mostar - Siroki Brijeg,1.3,1
2008,Zeljeznicar - Leotar,1.21,1
2008,Zrinjski - Posusje,1.38,0
2008,Siroki Brijeg - Sloboda,1.3,1
2008,Celik Zenica - Slavija,1.39,1
2008,Borac Banja Luka - Modrica,1.23,1
2008,FK Sarajevo - Velez Mostar,1.17,1
2008,Leotar - Laktasi,1.34,1
2008,HNK Orasje - Zeljeznicar,1.45,1
2008,Travnik - Gradacac,1.39,1
2008,Sloboda - FK Sarajevo,1.3,0
2008,Laktasi - HNK Orasje,1.3,1
2008,Modrica - Leotar,1.2,1
2008,Posusje - Celik Zenica,1.25,0
2008,Travnik - Siroki Brijeg,1.29,1
2008,Velez Mostar - Borac Banja Luka,1.25,1
2008,Celik Zenica - Borac Banja Luka,1.45,0
2008,Laktasi - Sloboda,1.45,1
2008,Slavija - FK Sarajevo,1.5,1
2008,Zeljeznicar - Travnik,1.25,1
2008,Zrinjski - Leotar,1.1,1
2008,Borac Banja Luka - Slavija,1.48,0
2008,FK Sarajevo - Posusje,1.06,1
2008,Leotar - Celik Zenica,1.11,1
2008,HNK Orasje - Zrinjski,1.11,1
2008,Siroki Brijeg - Zeljeznicar,1.27,1
2008,Sloboda - Modrica,1.21,1
2008,Travnik - Laktasi,1.15,1
2008,Velez Mostar - Gradacac,1.11,1
2008,Gradacac - Zrinjski,1.45,1
2008,Laktasi - Siroki Brijeg,1.45,1
2008,Modrica - Travnik,1.25,1
2008,Slavija - Leotar,1.14,1
2008,Velez Mostar - Sloboda,1.2,1
2008,FK Sarajevo - Laktasi,1.12,1
2008,Zrinjski - Celik Zenica,1.17,1
2008,Borac Banja Luka - Zeljeznicar,1.3,1
2008,Sloboda - Gradacac,1.26,1
2008,Leotar - Posusje,1.15,1
2008,HNK Orasje - Slavija,1.2,1
2008,Siroki Brijeg - Modrica,1.26,1
2008,Gradacac - Celik Zenica,1.4,0
2008,Laktasi - Borac Banja Luka,1.3,0
2008,Posusje - HNK Orasje,1.45,0
2008,Sloboda - Travnik,1.18,1
2008,Velez Mostar - Siroki Brijeg,1.3,1
2008,Zeljeznicar - Leotar,1.21,1
2008,Zrinjski - Posusje,1.38,0
2008,Siroki Brijeg - Sloboda,1.3,1
2008,Celik Zenica - Slavija,1.39,1
2008,Borac Banja Luka - Modrica,1.23,1
2008,FK Sarajevo - Velez Mostar,1.17,1
2008,Leotar - Laktasi,1.34,1
2008,HNK Orasje - Zeljeznicar,1.45,1
2008,Travnik - Gradacac,1.39,1
2008,Sloboda - FK Sarajevo,1.3,0
2008,Laktasi - HNK Orasje,1.3,1
2008,Modrica - Leotar,1.2,1
2008,Posusje - Celik Zenica,1.25,0
2008,Travnik - Siroki Brijeg,1.29,1
2008,Velez Mostar - Borac Banja Luka,1.25,1
2008,Celik Zenica - Borac Banja Luka,1.45,0
2008,Laktasi - Sloboda,1.45,1
2008,Slavija - FK Sarajevo,1.5,1
2008,Zeljeznicar - Travnik,1.25,1
2008,Zrinjski - Leotar,1.1,1
2008,Borac Banja Luka - Slavija,1.48,0
2008,FK Sarajevo - Posusje,1.06,1
2008,Leotar - Celik Zenica,1.11,1
2008,HNK Orasje - Zrinjski,1.11,1
2008,Siroki Brijeg - Zeljeznicar,1.27,1
2008,Sloboda - Modrica,1.21,1
2008,Travnik - Laktasi,1.15,1
2008,Velez Mostar - Gradacac,1.11,1
2008,Gradacac - Zrinjski,1.45,1
2008,Laktasi - Siroki Brijeg,1.45,1
2008,Modrica - Travnik,1.25,1
2008,Slavija - Leotar,1.14,1
2008,Velez Mostar - Sloboda,1.2,1
2008,FK Sarajevo - Laktasi,1.12,1
2008,Zrinjski - Celik Zenica,1.17,1
2008,Borac Banja Luka - Zeljeznicar,1.3,1
2008,Sloboda - Gradacac,1.26,1
2008,Leotar - Posusje,1.15,1
2008,HNK Orasje - Slavija,1.2,1
2008,Siroki Brijeg - Modrica,1.26,1
2008,Gradacac - Celik Zenica,1.4,0
2008,Laktasi - Borac Banja Luka,1.3,0
2008,Posusje - HNK Orasje,1.45,0
2008,Sloboda - Travnik,1.18,1
2008,Velez Mostar - Siroki Brijeg,1.3,1
2008,Zeljeznicar - Leotar,1.21,1
2008,Zrinjski - Posusje,1.38,0
2008,Siroki Brijeg - Sloboda,1.3,1
2008,Celik Zenica - Slavija,1.39,1
2008,Borac Banja Luka - Modrica,1.23,1
2008,FK Sarajevo - Velez Mostar,1.17,1
2008,Leotar - Laktasi,1.34,1
2008,HNK Orasje - Zeljeznicar,1.45,1
2008,Travnik - Gradacac,1.39,1
2008,Sloboda - FK Sarajevo,1.3,0
2008,Laktasi - HNK Orasje,1.3,1
2008,Modrica - Leotar,1.2,1
2008,Posusje - Celik Zenica,1.25,0
2008,Travnik - Siroki Brijeg,1.29,1
2008,Velez Mostar - Borac Banja Luka,1.25,1
2008,Celik Zenica - Borac Banja Luka,1.45,0
2008,Laktasi - Sloboda,1.45,1
2008,Slavija - FK Sarajevo,1.5,1
2008,Zeljeznicar - Travnik,1.25,1
2008,Zrinjski - Leotar,1.1,1
2008,Borac Banja Luka - Slavija,1.48,0
2008,FK Sarajevo - Posusje,1.06,1
2008,Leotar - Celik Zenica,1.11,1
2008,HNK Orasje - Zrinjski,1.11,1
2008,Siroki Brijeg - Zeljeznicar,1.27,1
2008,Sloboda - Modrica,1.21,1
2008,Travnik - Laktasi,1.15,1
2008,Velez Mostar - Gradacac,1.11,1
2008,Gradacac - Zrinjski,1.45,1
2008,Laktasi - Siroki Brijeg,1.45,1
2008,Modrica - Travnik,1.25,1
2008,Slavija - Leotar,1.14,1
2008,Velez Mostar - Sloboda,1.2,1
2008,FK Sarajevo - Laktasi,1.12,1
2008,Zrinjski - Celik Zenica,1.17,1
2008,Borac Banja Luka - Zeljeznicar,1.3,1
2008,Sloboda - Gradacac,1.26,1
2008,Leotar - Posusje,1.15,1
2008,HNK Orasje - Slavija,1.2,1
2008,Siroki Brijeg - Modrica,1.26,1
2008,Gradacac - Celik Zenica,1.4,0
2008,Laktasi - Borac Banja Luka,1.3,0
2008,Posusje - HNK Orasje,1.45,0
2008,Sloboda - Travnik,1.18,1
2008,Velez Mostar - Siroki Brijeg,1.3,1
2008,Zeljeznicar - Leotar,1.21,1
2008,Zrinjski - Posusje,1.38,0
2008,Siroki Brijeg - Sloboda,1.3,1
2008,Celik Zenica - Slavija,1.39,1
2008,Borac Banja Luka - Modrica,1.23,1
2008,FK Sarajevo - Velez Mostar,1.17,1
2008,Leotar - Laktasi,1.34,1
2008,HNK Orasje - Zeljeznicar,1.45,1
2008,Travnik - Gradacac,1.39,1
2008,Sloboda - FK Sarajevo,1.3,0
2008,Laktasi - HNK Orasje,1.3,1
2008,Modrica - Leotar,1.2,1
2008,Posusje - Celik Zenica,1.25,0
2008,Travnik - Siroki Brijeg,1.29,1
2008,Velez Mostar - Borac Banja Luka,1.25,1
2008,Celik Zenica - Borac Banja Luka,1.45,0
2008,Laktasi - Sloboda,1.45,1
2008,Slavija - FK Sarajevo,1.5,1
2008,Zeljeznicar - Travnik,1.25,1
2008,Zrinjski - Leotar,1.1,1
2008,Borac Banja Luka - Slavija,1.48,0
2008,FK Sarajevo - Posusje,1.06,1
2008,Leotar - Celik Zenica,1.11,1
2008,HNK Orasje - Zrinjski,1.11,1
2008,Siroki Brijeg - Zeljeznicar,1.27,1
2008,Sloboda - Modrica,1.21,1
2008,Travnik - Laktasi,1.15,1
2008,Velez Mostar - Gradacac,1.11,1
2008,Gradacac - Zrinjski,1.45,1
2008,Laktasi - Siroki Brijeg,1.45,1
2008,Modrica - Travnik,1.25,1
2008,Slavija - Leotar,1.14,1
2008,Velez Mostar - Sloboda,1.2,1
2008,FK Sarajevo - Laktasi,1.12,1
2008,Zrinjski - Celik Zenica,1.17,1
2008,Borac Banja Luka - Zeljeznicar,1.3,1
2008,Sloboda - Gradacac,1.26,1
2008,Leotar - Posusje,1.15,1
2008,HNK Orasje - Slavija,1.2,1
2008,Siroki Brijeg - Modrica,1.26,1
2008,Gradacac - Celik Zenica,1.4,0
2008,Laktasi - Borac Banja Luka,1.3,0
2008,Posusje - HNK Orasje,1.45,0
2008,Sloboda - Travnik,1.18,1
2008,Velez Mostar - Siroki Brijeg,1.3,1
2008,Zeljeznicar - Leotar,1.21,1
2008,Zrinjski - Posusje,1.38,0
2008,Siroki Brijeg - Sloboda,1.3,1
2008,Celik Zenica - Slavija,1.39,1
2008,Borac Banja Luka - Modrica,1.23,1
2008,FK Sarajevo - Velez Mostar,1.17,1
2008,Leotar - Laktasi,1.34,1
2008,HNK Orasje - Zeljeznicar,1.45,1
2008,Travnik - Gradacac,1.39,1
2008,Sloboda - FK Sarajevo,1.3,0
2008,Laktasi - HNK Orasje,1.3,1
2008,Modrica - Leotar,1.2,1
2008,Posusje - Celik Zenica,1.25,0
2008,Travnik - Siroki Brijeg,1.29,1
2008,Velez Mostar - Borac Banja Luka,1.25,1
2007,Modrica - Jedinstvo Bihac,1.11,1
2007,Posusje - Zeljeznicar,1.14,1
2007,Siroki Brijeg - Leotar,1.11,1
2007,Slavija - Sloboda,1.14,1
2007,Travnik - Zrinjski,1.2,1
2007,Velez Mostar - Laktasi,1.11,1
2007,Celik Zenica - HNK Orasje,1.13,1
2007,Jedinstvo Bihac - FK Sarajevo,1.16,1
2007,Leotar - Travnik,1.13,1
2007,Sloboda - Velez Mostar,1.16,1
2007,Zeljeznicar - Siroki Brijeg,1.46,1
2007,Zrinjski - Slavija,1.13,1
2007,Velez Mostar - Zrinjski,1.15,1
2007,Celik Zenica - Jedinstvo Bihac,1.17,1
2007,FK Sarajevo - Laktasi,1.18,1
2007,Modrica - Sloboda,1.09,1
2007,HNK Orasje - Posusje,1.13,1
2007,Siroki Brijeg - NK Zepce,1.02,1
2007,Slavija - Leotar,1.16,1
2007,Travnik - Zeljeznicar,1.14,1
2007,Jedinstvo Bihac - HNK Orasje,1.11,0
2007,Laktasi - Celik Zenica,1.17,1
2007,Leotar - Velez Mostar,1.12,1
2007,Sloboda - FK Sarajevo,1.18,1
2007,Zeljeznicar - Slavija,1.15,1
2007,Zrinjski - Modrica,1.24,1
2007,FK Sarajevo - Zrinjski,1.27,1
2007,Celik Zenica - Sloboda,1.2,1
2007,Jedinstvo Bihac - Laktasi,1.17,1
2007,Modrica - Leotar,1.09,1
2007,HNK Orasje - Siroki Brijeg,1.47,1
2007,Travnik - Posusje,1.17,1
2007,Velez Mostar - Zeljeznicar,1.18,1
2007,Zrinjski - Celik Zenica,1.25,1
2007,Sloboda - Jedinstvo Bihac,1.15,1
2007,Laktasi - HNK Orasje,1.15,1
2007,Leotar - FK Sarajevo,1.3,1
2007,Posusje - Slavija,1.25,1
2007,Siroki Brijeg - Travnik,1.09,1
2007,Zeljeznicar - Modrica,1.4,1
2007,Slavija - Siroki Brijeg,1.47,0
2007,FK Sarajevo - Zeljeznicar,1.25,0
2007,Celik Zenica - Leotar,1.15,1
2007,Jedinstvo Bihac - Zrinjski,1.28,1
2007,Modrica - NK Zepce,1.06,1
2007,HNK Orasje - Travnik,1.15,1
2007,Velez Mostar - Posusje,1.22,1
2007,Modrica - Jedinstvo Bihac,1.11,1
2007,Posusje - Zeljeznicar,1.14,1
2007,Siroki Brijeg - Leotar,1.11,1
2007,Slavija - Sloboda,1.14,1
2007,Travnik - Zrinjski,1.2,1
2007,Velez Mostar - Laktasi,1.11,1
2007,Celik Zenica - HNK Orasje,1.13,1
2007,Jedinstvo Bihac - FK Sarajevo,1.16,1
2007,Leotar - Travnik,1.13,1
2007,Sloboda - Velez Mostar,1.16,1
2007,Zeljeznicar - Siroki Brijeg,1.46,1
2007,Zrinjski - Slavija,1.13,1
2007,Velez Mostar - Zrinjski,1.15,1
2007,Celik Zenica - Jedinstvo Bihac,1.17,1
2007,FK Sarajevo - Laktasi,1.18,1
2007,Modrica - Sloboda,1.09,1
2007,HNK Orasje - Posusje,1.13,1
2007,Siroki Brijeg - NK Zepce,1.02,1
2007,Slavija - Leotar,1.16,1
2007,Travnik - Zeljeznicar,1.14,1
2007,Jedinstvo Bihac - HNK Orasje,1.11,0
2007,Laktasi - Celik Zenica,1.17,1
2007,Leotar - Velez Mostar,1.12,1
2007,Sloboda - FK Sarajevo,1.18,1
2007,Zeljeznicar - Slavija,1.15,1
2007,Zrinjski - Modrica,1.24,1
2007,FK Sarajevo - Zrinjski,1.27,1
2007,Celik Zenica - Sloboda,1.2,1
2007,Jedinstvo Bihac - Laktasi,1.17,1
2007,Modrica - Leotar,1.09,1
2007,HNK Orasje - Siroki Brijeg,1.47,1
2007,Travnik - Posusje,1.17,1
2007,Velez Mostar - Zeljeznicar,1.18,1
2007,Zrinjski - Celik Zenica,1.25,1
2007,Sloboda - Jedinstvo Bihac,1.15,1
2007,Laktasi - HNK Orasje,1.15,1
2007,Leotar - FK Sarajevo,1.3,1
2007,Posusje - Slavija,1.25,1
2007,Siroki Brijeg - Travnik,1.09,1
2007,Zeljeznicar - Modrica,1.4,1
2007,Slavija - Siroki Brijeg,1.47,0
2007,FK Sarajevo - Zeljeznicar,1.25,0
2007,Celik Zenica - Leotar,1.15,1
2007,Jedinstvo Bihac - Zrinjski,1.28,1
2007,Modrica - NK Zepce,1.06,1
2007,HNK Orasje - Travnik,1.15,1
2007,Velez Mostar - Posusje,1.22,1
2007,Modrica - Jedinstvo Bihac,1.11,1
2007,Posusje - Zeljeznicar,1.14,1
2007,Siroki Brijeg - Leotar,1.11,1
2007,Slavija - Sloboda,1.14,1
2007,Travnik - Zrinjski,1.2,1
2007,Velez Mostar - Laktasi,1.11,1
2007,Celik Zenica - HNK Orasje,1.13,1
2007,Jedinstvo Bihac - FK Sarajevo,1.16,1
2007,Leotar - Travnik,1.13,1
2007,Sloboda - Velez Mostar,1.16,1
2007,Zeljeznicar - Siroki Brijeg,1.46,1
2007,Zrinjski - Slavija,1.13,1
2007,Velez Mostar - Zrinjski,1.15,1
2007,Celik Zenica - Jedinstvo Bihac,1.17,1
2007,FK Sarajevo - Laktasi,1.18,1
2007,Modrica - Sloboda,1.09,1
2007,HNK Orasje - Posusje,1.13,1
2007,Siroki Brijeg - NK Zepce,1.02,1
2007,Slavija - Leotar,1.16,1
2007,Travnik - Zeljeznicar,1.14,1
2007,Jedinstvo Bihac - HNK Orasje,1.11,0
2007,Laktasi - Celik Zenica,1.17,1
2007,Leotar - Velez Mostar,1.12,1
2007,Sloboda - FK Sarajevo,1.18,1
2007,Zeljeznicar - Slavija,1.15,1
2007,Zrinjski - Modrica,1.24,1
2007,FK Sarajevo - Zrinjski,1.27,1
2007,Celik Zenica - Sloboda,1.2,1
2007,Jedinstvo Bihac - Laktasi,1.17,1
2007,Modrica - Leotar,1.09,1
2007,HNK Orasje - Siroki Brijeg,1.47,1
2007,Travnik - Posusje,1.17,1
2007,Velez Mostar - Zeljeznicar,1.18,1
2007,Zrinjski - Celik Zenica,1.25,1
2007,Sloboda - Jedinstvo Bihac,1.15,1
2007,Laktasi - HNK Orasje,1.15,1
2007,Leotar - FK Sarajevo,1.3,1
2007,Posusje - Slavija,1.25,1
2007,Siroki Brijeg - Travnik,1.09,1
2007,Zeljeznicar - Modrica,1.4,1
2007,Slavija - Siroki Brijeg,1.47,0
2007,FK Sarajevo - Zeljeznicar,1.25,0
2007,Celik Zenica - Leotar,1.15,1
2007,Jedinstvo Bihac - Zrinjski,1.28,1
2007,Modrica - NK Zepce,1.06,1
2007,HNK Orasje - Travnik,1.15,1
2007,Velez Mostar - Posusje,1.22,1
2007,Modrica - Jedinstvo Bihac,1.11,1
2007,Posusje - Zeljeznicar,1.14,1
2007,Siroki Brijeg - Leotar,1.11,1
2007,Slavija - Sloboda,1.14,1
2007,Travnik - Zrinjski,1.2,1
2007,Velez Mostar - Laktasi,1.11,1
2007,Celik Zenica - HNK Orasje,1.13,1
2007,Jedinstvo Bihac - FK Sarajevo,1.16,1
2007,Leotar - Travnik,1.13,1
2007,Sloboda - Velez Mostar,1.16,1
2007,Zeljeznicar - Siroki Brijeg,1.46,1
2007,Zrinjski - Slavija,1.13,1
2007,Velez Mostar - Zrinjski,1.15,1
2007,Celik Zenica - Jedinstvo Bihac,1.17,1
2007,FK Sarajevo - Laktasi,1.18,1
2007,Modrica - Sloboda,1.09,1
2007,HNK Orasje - Posusje,1.13,1
2007,Siroki Brijeg - NK Zepce,1.02,1
2007,Slavija - Leotar,1.16,1
2007,Travnik - Zeljeznicar,1.14,1
2007,Jedinstvo Bihac - HNK Orasje,1.11,0
2007,Laktasi - Celik Zenica,1.17,1
2007,Leotar - Velez Mostar,1.12,1
2007,Sloboda - FK Sarajevo,1.18,1
2007,Zeljeznicar - Slavija,1.15,1
2007,Zrinjski - Modrica,1.24,1
2007,FK Sarajevo - Zrinjski,1.27,1
2007,Celik Zenica - Sloboda,1.2,1
2007,Jedinstvo Bihac - Laktasi,1.17,1
2007,Modrica - Leotar,1.09,1
2007,HNK Orasje - Siroki Brijeg,1.47,1
2007,Travnik - Posusje,1.17,1
2007,Velez Mostar - Zeljeznicar,1.18,1
2007,Zrinjski - Celik Zenica,1.25,1
2007,Sloboda - Jedinstvo Bihac,1.15,1
2007,Laktasi - HNK Orasje,1.15,1
2007,Leotar - FK Sarajevo,1.3,1
2007,Posusje - Slavija,1.25,1
2007,Siroki Brijeg - Travnik,1.09,1
2007,Zeljeznicar - Modrica,1.4,1
2007,Slavija - Siroki Brijeg,1.47,0
2007,FK Sarajevo - Zeljeznicar,1.25,0
2007,Celik Zenica - Leotar,1.15,1
2007,Jedinstvo Bihac - Zrinjski,1.28,1
2007,Modrica - NK Zepce,1.06,1
2007,HNK Orasje - Travnik,1.15,1
2007,Velez Mostar - Posusje,1.22,1
2007,Modrica - Jedinstvo Bihac,1.11,1
2007,Posusje - Zeljeznicar,1.14,1
2007,Siroki Brijeg - Leotar,1.11,1
2007,Slavija - Sloboda,1.14,1
2007,Travnik - Zrinjski,1.2,1
2007,Velez Mostar - Laktasi,1.11,1
2007,Celik Zenica - HNK Orasje,1.13,1
2007,Jedinstvo Bihac - FK Sarajevo,1.16,1
2007,Leotar - Travnik,1.13,1
2007,Sloboda - Velez Mostar,1.16,1
2007,Zeljeznicar - Siroki Brijeg,1.46,1
2007,Zrinjski - Slavija,1.13,1
2007,Velez Mostar - Zrinjski,1.15,1
2007,Celik Zenica - Jedinstvo Bihac,1.17,1
2007,FK Sarajevo - Laktasi,1.18,1
2007,Modrica - Sloboda,1.09,1
2007,HNK Orasje - Posusje,1.13,1
2007,Siroki Brijeg - NK Zepce,1.02,1
2007,Slavija - Leotar,1.16,1
2007,Travnik - Zeljeznicar,1.14,1
2007,Jedinstvo Bihac - HNK Orasje,1.11,0
2007,Laktasi - Celik Zenica,1.17,1
2007,Leotar - Velez Mostar,1.12,1
2007,Sloboda - FK Sarajevo,1.18,1
2007,Zeljeznicar - Slavija,1.15,1
2007,Zrinjski - Modrica,1.24,1
2007,FK Sarajevo - Zrinjski,1.27,1
2007,Celik Zenica - Sloboda,1.2,1
2007,Jedinstvo Bihac - Laktasi,1.17,1
2007,Modrica - Leotar,1.09,1
2007,HNK Orasje - Siroki Brijeg,1.47,1
2007,Travnik - Posusje,1.17,1
2007,Velez Mostar - Zeljeznicar,1.18,1
2007,Zrinjski - Celik Zenica,1.25,1
2007,Sloboda - Jedinstvo Bihac,1.15,1
2007,Laktasi - HNK Orasje,1.15,1
2007,Leotar - FK Sarajevo,1.3,1
2007,Posusje - Slavija,1.25,1
2007,Siroki Brijeg - Travnik,1.09,1
2007,Zeljeznicar - Modrica,1.4,1
2007,Slavija - Siroki Brijeg,1.47,0
2007,FK Sarajevo - Zeljeznicar,1.25,0
2007,Celik Zenica - Leotar,1.15,1
2007,Jedinstvo Bihac - Zrinjski,1.28,1
2007,Modrica - NK Zepce,1.06,1
2007,HNK Orasje - Travnik,1.15,1
2007,Velez Mostar - Posusje,1.22,1
2006,Borac Banja Luka - Velez Mostar,1.15,1
2006,Celik Zenica - Modrica,1.21,0
2006,FK Sarajevo - Radnik Bijeljina,1.05,1
2006,Jedinstvo Bihac - Posusje,1.3,1
2006,HNK Orasje - Zeljeznicar,1.31,0
2006,Sloboda - Slavija,1.31,1
2006,Zrinjski - Leotar,1.11,1
2006,Modrica - Sloboda,1.21,1
2006,Posusje - HNK Orasje,1.21,0
2006,Slavija - NK Zepce,1.15,1
2006,Velez Mostar - Celik Zenica,1.2,1
2006,Zeljeznicar - Borac Banja Luka,1.21,1
2006,Leotar - Jedinstvo Bihac,1.2,1
2006,HNK Orasje - Borac Banja Luka,1.26,1
2006,Posusje - Celik Zenica,1.21,1
2006,Siroki Brijeg - Radnik Bijeljina,1.11,1
2006,Velez Mostar - NK Zepce,1.3,1
2006,Zeljeznicar - Sloboda,1.21,1
2006,Celik Zenica - HNK Orasje,1.15,1
2006,FK Sarajevo - Modrica,1.11,1
2006,Jedinstvo Bihac - Borac Banja Luka,1.25,1
2006,Leotar - Siroki Brijeg,1.26,1
2006,Sloboda - Posusje,1.21,1
2006,Zrinjski - Velez Mostar,1.3,1
2006,Siroki Brijeg - Jedinstvo Bihac,1.2,1
2006,Posusje - NK Zepce,1.26,1
2006,Slavija - Leotar,1.15,1
2006,Borac Banja Luka - Celik Zenica,1.26,1
2006,Modrica - Radnik Bijeljina,1.15,1
2006,HNK Orasje - Sloboda,1.26,0
2006,Siroki Brijeg - Slavija,1.26,0
2006,NK Zepce - HNK Orasje,1.26,1
2006,FK Sarajevo - Zeljeznicar,1.31,1
2006,Jedinstvo Bihac - Celik Zenica,1.3,1
2006,Leotar - Modrica,1.26,1
2006,Radnik Bijeljina - Velez Mostar,1.3,1
2006,Sloboda - Borac Banja Luka,1.26,1
2006,Borac Banja Luka - NK Zepce,1.2,0
2006,Celik Zenica - Sloboda,1.2,1
2006,Modrica - Siroki Brijeg,1.4,0
2006,Slavija - Jedinstvo Bihac,1.2,1
2006,Velez Mostar - Leotar,1.4,1
2006,Zeljeznicar - Radnik Bijeljina,1.14,1
2006,Borac Banja Luka - Velez Mostar,1.15,1
2006,Celik Zenica - Modrica,1.21,0
2006,FK Sarajevo - Radnik Bijeljina,1.05,1
2006,Jedinstvo Bihac - Posusje,1.3,1
2006,HNK Orasje - Zeljeznicar,1.31,0
2006,Sloboda - Slavija,1.31,1
2006,Zrinjski - Leotar,1.11,1
2006,Modrica - Sloboda,1.21,1
2006,Posusje - HNK Orasje,1.21,0
2006,Slavija - NK Zepce,1.15,1
2006,Velez Mostar - Celik Zenica,1.2,1
2006,Zeljeznicar - Borac Banja Luka,1.21,1
2006,Leotar - Jedinstvo Bihac,1.2,1
2006,HNK Orasje - Borac Banja Luka,1.26,1
2006,Posusje - Celik Zenica,1.21,1
2006,Siroki Brijeg - Radnik Bijeljina,1.11,1
2006,Velez Mostar - NK Zepce,1.3,1
2006,Zeljeznicar - Sloboda,1.21,1
2006,Celik Zenica - HNK Orasje,1.15,1
2006,FK Sarajevo - Modrica,1.11,1
2006,Jedinstvo Bihac - Borac Banja Luka,1.25,1
2006,Leotar - Siroki Brijeg,1.26,1
2006,Sloboda - Posusje,1.21,1
2006,Zrinjski - Velez Mostar,1.3,1
2006,Siroki Brijeg - Jedinstvo Bihac,1.2,1
2006,Posusje - NK Zepce,1.26,1
2006,Slavija - Leotar,1.15,1
2006,Borac Banja Luka - Celik Zenica,1.26,1
2006,Modrica - Radnik Bijeljina,1.15,1
2006,HNK Orasje - Sloboda,1.26,0
2006,Siroki Brijeg - Slavija,1.26,0
2006,NK Zepce - HNK Orasje,1.26,1
2006,FK Sarajevo - Zeljeznicar,1.31,1
2006,Jedinstvo Bihac - Celik Zenica,1.3,1
2006,Leotar - Modrica,1.26,1
2006,Radnik Bijeljina - Velez Mostar,1.3,1
2006,Sloboda - Borac Banja Luka,1.26,1
2006,Borac Banja Luka - NK Zepce,1.2,0
2006,Celik Zenica - Sloboda,1.2,1
2006,Modrica - Siroki Brijeg,1.4,0
2006,Slavija - Jedinstvo Bihac,1.2,1
2006,Velez Mostar - Leotar,1.4,1
2006,Zeljeznicar - Radnik Bijeljina,1.14,1
2006,Borac Banja Luka - Velez Mostar,1.15,1
2006,Celik Zenica - Modrica,1.21,0
2006,FK Sarajevo - Radnik Bijeljina,1.05,1
2006,Jedinstvo Bihac - Posusje,1.3,1
2006,HNK Orasje - Zeljeznicar,1.31,0
2006,Sloboda - Slavija,1.31,1
2006,Zrinjski - Leotar,1.11,1
2006,Modrica - Sloboda,1.21,1
2006,Posusje - HNK Orasje,1.21,0
2006,Slavija - NK Zepce,1.15,1
2006,Velez Mostar - Celik Zenica,1.2,1
2006,Zeljeznicar - Borac Banja Luka,1.21,1
2006,Leotar - Jedinstvo Bihac,1.2,1
2006,HNK Orasje - Borac Banja Luka,1.26,1
2006,Posusje - Celik Zenica,1.21,1
2006,Siroki Brijeg - Radnik Bijeljina,1.11,1
2006,Velez Mostar - NK Zepce,1.3,1
2006,Zeljeznicar - Sloboda,1.21,1
2006,Celik Zenica - HNK Orasje,1.15,1
2006,FK Sarajevo - Modrica,1.11,1
2006,Jedinstvo Bihac - Borac Banja Luka,1.25,1
2006,Leotar - Siroki Brijeg,1.26,1
2006,Sloboda - Posusje,1.21,1
2006,Zrinjski - Velez Mostar,1.3,1
2006,Siroki Brijeg - Jedinstvo Bihac,1.2,1
2006,Posusje - NK Zepce,1.26,1
2006,Slavija - Leotar,1.15,1
2006,Borac Banja Luka - Celik Zenica,1.26,1
2006,Modrica - Radnik Bijeljina,1.15,1
2006,HNK Orasje - Sloboda,1.26,0
2006,Siroki Brijeg - Slavija,1.26,0
2006,NK Zepce - HNK Orasje,1.26,1
2006,FK Sarajevo - Zeljeznicar,1.31,1
2006,Jedinstvo Bihac - Celik Zenica,1.3,1
2006,Leotar - Modrica,1.26,1
2006,Radnik Bijeljina - Velez Mostar,1.3,1
2006,Sloboda - Borac Banja Luka,1.26,1
2006,Borac Banja Luka - NK Zepce,1.2,0
2006,Celik Zenica - Sloboda,1.2,1
2006,Modrica - Siroki Brijeg,1.4,0
2006,Slavija - Jedinstvo Bihac,1.2,1
2006,Velez Mostar - Leotar,1.4,1
2006,Zeljeznicar - Radnik Bijeljina,1.14,1
2006,Borac Banja Luka - Velez Mostar,1.15,1
2006,Celik Zenica - Modrica,1.21,0
2006,FK Sarajevo - Radnik Bijeljina,1.05,1
2006,Jedinstvo Bihac - Posusje,1.3,1
2006,HNK Orasje - Zeljeznicar,1.31,0
2006,Sloboda - Slavija,1.31,1
2006,Zrinjski - Leotar,1.11,1
2006,Modrica - Sloboda,1.21,1
2006,Posusje - HNK Orasje,1.21,0
2006,Slavija - NK Zepce,1.15,1
2006,Velez Mostar - Celik Zenica,1.2,1
2006,Zeljeznicar - Borac Banja Luka,1.21,1
2006,Leotar - Jedinstvo Bihac,1.2,1
2006,HNK Orasje - Borac Banja Luka,1.26,1
2006,Posusje - Celik Zenica,1.21,1
2006,Siroki Brijeg - Radnik Bijeljina,1.11,1
2006,Velez Mostar - NK Zepce,1.3,1
2006,Zeljeznicar - Sloboda,1.21,1
2006,Celik Zenica - HNK Orasje,1.15,1
2006,FK Sarajevo - Modrica,1.11,1
2006,Jedinstvo Bihac - Borac Banja Luka,1.25,1
2006,Leotar - Siroki Brijeg,1.26,1
2006,Sloboda - Posusje,1.21,1
2006,Zrinjski - Velez Mostar,1.3,1
2006,Siroki Brijeg - Jedinstvo Bihac,1.2,1
2006,Posusje - NK Zepce,1.26,1
2006,Slavija - Leotar,1.15,1
2006,Borac Banja Luka - Celik Zenica,1.26,1
2006,Modrica - Radnik Bijeljina,1.15,1
2006,HNK Orasje - Sloboda,1.26,0
2006,Siroki Brijeg - Slavija,1.26,0
2006,NK Zepce - HNK Orasje,1.26,1
2006,FK Sarajevo - Zeljeznicar,1.31,1
2006,Jedinstvo Bihac - Celik Zenica,1.3,1
2006,Leotar - Modrica,1.26,1
2006,Radnik Bijeljina - Velez Mostar,1.3,1
2006,Sloboda - Borac Banja Luka,1.26,1
2006,Borac Banja Luka - NK Zepce,1.2,0
2006,Celik Zenica - Sloboda,1.2,1
2006,Modrica - Siroki Brijeg,1.4,0
2006,Slavija - Jedinstvo Bihac,1.2,1
2006,Velez Mostar - Leotar,1.4,1
2006,Zeljeznicar - Radnik Bijeljina,1.14,1
2006,Borac Banja Luka - Velez Mostar,1.15,1
2006,Celik Zenica - Modrica,1.21,0
2006,FK Sarajevo - Radnik Bijeljina,1.05,1
2006,Jedinstvo Bihac - Posusje,1.3,1
2006,HNK Orasje - Zeljeznicar,1.31,0
2006,Sloboda - Slavija,1.31,1
2006,Zrinjski - Leotar,1.11,1
2006,Modrica - Sloboda,1.21,1
2006,Posusje - HNK Orasje,1.21,0
2006,Slavija - NK Zepce,1.15,1
2006,Velez Mostar - Celik Zenica,1.2,1
2006,Zeljeznicar - Borac Banja Luka,1.21,1
2006,Leotar - Jedinstvo Bihac,1.2,1
2006,HNK Orasje - Borac Banja Luka,1.26,1
2006,Posusje - Celik Zenica,1.21,1
2006,Siroki Brijeg - Radnik Bijeljina,1.11,1
2006,Velez Mostar - NK Zepce,1.3,1
2006,Zeljeznicar - Sloboda,1.21,1
2006,Celik Zenica - HNK Orasje,1.15,1
2006,FK Sarajevo - Modrica,1.11,1
2006,Jedinstvo Bihac - Borac Banja Luka,1.25,1
2006,Leotar - Siroki Brijeg,1.26,1
2006,Sloboda - Posusje,1.21,1
2006,Zrinjski - Velez Mostar,1.3,1
2006,Siroki Brijeg - Jedinstvo Bihac,1.2,1
2006,Posusje - NK Zepce,1.26,1
2006,Slavija - Leotar,1.15,1
2006,Borac Banja Luka - Celik Zenica,1.26,1
2006,Modrica - Radnik Bijeljina,1.15,1
2006,HNK Orasje - Sloboda,1.26,0
2006,Siroki Brijeg - Slavija,1.26,0
2006,NK Zepce - HNK Orasje,1.26,1
2006,FK Sarajevo - Zeljeznicar,1.31,1
2006,Jedinstvo Bihac - Celik Zenica,1.3,1
2006,Leotar - Modrica,1.26,1
2006,Radnik Bijeljina - Velez Mostar,1.3,1
2006,Sloboda - Borac Banja Luka,1.26,1
2006,Borac Banja Luka - NK Zepce,1.2,0
2006,Celik Zenica - Sloboda,1.2,1
2006,Modrica - Siroki Brijeg,1.4,0
2006,Slavija - Jedinstvo Bihac,1.2,1
2006,Velez Mostar - Leotar,1.4,1
2006,Zeljeznicar - Radnik Bijeljina,1.14,1
